Ridership Rank,Station Name,Line,Ridership,Midtown Direct Binary,stop_id,Official NJT Station Name,stop_lat,stop_lon,avg_trains_per_hour,Duration to NY Penn (mins),Distance from NY Penn (km),Total Parking Spaces,station_name,Popoulation_Density_weighted_avg,Median_Household_Income_weighted_avg,Percent_Bach_Degree_weighted_avg,Labor_Force_Participation_Rate_weighted_avg,Employment_Rate_weighted_avg,Unemployment_Rate_weighted_avg,Percent_Public_Transit_Users_weighted_avg,Median_Age_weighted_avg
5,Metropark (NEC),NEC,7537.0,1,83,METROPARK,40.56864,-74.329394,12.227272727272728,40.0,39.750698,3491,METROPARK,1996.2428467655332,125833.56412535612,31.88340546935675,71.96540155378021,95.3381289500204,6.02822512724826,19.252546725355685,43.51136310726442
6,PRINCETON JCT. (NEC),NEC,6817.0,1,125,PRINCETON JCT.,40.316316,-74.623753,22.363636363636363,55.0,78.535792,4118,PRINCETON JCT.,609.3753270584624,187301.5489054444,32.46697669580812,79.47314807581601,94.36332788813668,5.636672111863326,12.172908981657772,39.45070789405748
7,Hamilton (NEC),NEC,5178.0,1,32905,HAMILTON,40.255309,-74.70412,11.727272727272728,63.0,87.70903,3539,HAMILTON,579.3726229930647,115007.19225251568,20.67282862905352,67.60569159319218,97.64395070410733,2.3560492958926837,8.192631215713956,36.99650270851608
8,New Brunswick (NEC),NEC,4700.0,1,103,NEW BRUNSWICK,40.497278,-74.445751,12.818181818181818,57.0,52.786352,4441,NEW BRUNSWICK,5037.677400839643,67275.32641719551,19.59722431303752,62.212331992560365,95.47542414725322,5.608216026530983,10.635961728630903,30.34871067533391
9,NEWARK AIRPORT RAILROAD STATION (NEC),NEC,4253.0,1,37953,NEWARK AIRPORT RAILROAD STATION,40.704415,-74.190717,21.045454545454547,29.0,20.438618,0,NEWARK AIRPORT RAILROAD STATION,1088.2788282762428,11634.0,2.143622722400857,11.126760563380282,72.57383966244726,27.42616033755274,72.09302325581395,39.5
10,South Orange (M&E),M&E,4131.0,1,140,SOUTH ORANGE,40.745952,-74.260538,11.136363636363637,35.0,26.715044,511,SOUTH ORANGE,2262.619330735887,178387.20466446664,37.6509155992358,72.1392284843943,95.78745755410765,5.230115611358338,33.391181735827566,39.34911441466799
11,TRENTON TRANSIT CENTER (NEC),NEC,3894.0,1,148,TRENTON TRANSIT CENTER,40.218515,-74.753926,11.727272727272728,70.0,93.663588,3781,TRENTON TRANSIT CENTER,4859.975117522396,41030.88557386424,9.882957269016662,59.76246339746353,89.47848071715188,12.543241804652544,11.944023608057591,36.12655017936701
12,Summit (M&E),M&E,3880.0,1,145,SUMMIT,40.716549,-74.357807,16.09090909090909,41.0,36.692952,966,SUMMIT,1534.561262628598,175551.93266989835,37.67873547720299,65.29049569541104,93.98899068627092,7.361200029826519,22.26359862305752,40.59363358414184
13,Metuchen (NEC),NEC,3534.0,1,84,METUCHEN,40.540736,-74.360671,12.0,46.0,43.934982,1552,METUCHEN,1694.7889446873776,126668.45311684906,28.81399417645001,73.71671883289021,95.9781646823919,4.530650941642408,19.452452795715384,40.56808261414113
14,Maplewood (M&E),M&E,3488.0,1,81,MAPLEWOOD,40.731149,-74.275427,11.090909090909092,39.0,28.807186,655,MAPLEWOOD,2176.8114303524967,201959.053533363,38.778453543633766,73.16637559354871,95.0066654181274,5.679649906035264,36.26768543534227,41.024144883197046
15,Elizabeth (NEC),NEC,3417.0,1,41,ELIZABETH,40.667857,-74.215174,15.545454545454543,30.0,25.105704,1299,ELIZABETH,6322.731594633503,69235.13886883107,15.29612813416384,65.9691663160233,94.08493623402654,6.850014768789793,11.94942545355389,35.71944766598648
16,Rahway (NEC),NEC,3233.0,1,127,RAHWAY,40.606338,-74.276692,17.40909090909091,42.0,33.957074,646,RAHWAY,3190.3527872149293,74842.85021775485,16.093142236037984,67.94791240234714,94.93815438839069,7.771998073803427,12.938493599833487,36.7627656329135
17,Edison Station (NEC),NEC,3008.0,1,38,EDISON STATION,40.519148,-74.410972,12.0,51.0,49.08487,797,EDISON STATION,2148.6917369426565,96891.22649811865,23.45028677614753,65.96824503133314,90.41519121566624,9.609696613075904,10.638162200532523,33.19844634097824
18,Newark Broad ST,M&E,2996.0,1,106,NEWARK BROAD ST,40.747621,-74.171943,18.47826086956522,24.0,17.219938,0,NEWARK BROAD ST,5763.720098272076,56563.18514010225,19.55058466272316,59.65724054751579,90.94751835333486,10.12805066599131,35.818011863077345,33.67751255399997
19,Westfield (RVL),RVL,2722.0,0,155,WESTFIELD,40.649448,-74.347629,6.090909090909091,61.0,35.244546,698,WESTFIELD,1777.0399076466529,187974.77553690836,39.97286954193499,66.72522842836653,95.60714570579071,5.243660514130203,21.315271252617748,40.83512771447316
20,Aberdeen-Matawan (NJCL),NJCL,2337.0,1,37169,ABERDEEN-MATAWAN,40.420161,-74.223702,9.0,75.0,56.809702,1297,ABERDEEN-MATAWAN,1485.2545614554435,100392.34855799915,23.85089886827149,69.06502424735608,94.73287793067011,5.2671220693298775,14.122011110593157,43.25976335272704
21,Linden (NEC),NEC,2272.0,1,70,LINDEN,40.629485,-74.251772,15.590909090909092,38.0,30.416526,663,LINDEN,1068.9033198217892,85805.96870830355,12.935193759816602,63.32232007393275,91.91362649658129,8.379234544257613,7.02040501485897,39.63749126895641
22,Brick Church (M&E),M&E,2041.0,1,23,BRICK CHURCH,40.765134,-74.218612,10.727272727272728,28.0,21.72609,109,BRICK CHURCH,6523.731922253606,47901.39319248668,12.947254795704222,64.68965672455221,92.02436190468887,9.548008175344464,26.33731918845053,37.36308181730303
23,Millburn (M&E),M&E,1837.0,1,87,MILLBURN,40.725622,-74.303755,10.772727272727272,43.0,31.543064,576,MILLBURN,990.3618312742155,192128.7106551872,34.43772071325063,69.85070767366568,94.90009615008232,5.522734720234275,40.820131916305336,40.96348159955756
24,Morristown (M&E),M&E,1822.0,1,92,MORRISTOWN,40.797113,-74.474086,8.136363636363637,63.0,52.30355,566,MORRISTOWN,1982.268733488268,107804.66128905206,27.526639960652496,69.4922258432667,95.7237873144018,6.313314458766111,6.058855947706755,38.264644761602334
25,Woodbridge (NJCL),NJCL,1719.0,1,158,WOODBRIDGE,40.55661,-74.277751,9.909090909090908,41.0,39.750698,503,WOODBRIDGE,1791.4124439036732,87867.55823193258,22.81697203058242,70.87598234106085,94.48657079663845,5.513429203361554,8.053864873423137,38.7027537517134
26,Ridgewood (MLBC),MLBC,1705.0,0,131,RIDGEWOOD,40.980629,-74.120592,12.045454545454543,45.0,34.439876,105,RIDGEWOOD,1760.7089633248002,188586.08282199485,39.50496646964088,66.15849884171735,95.16780070448183,3.918647832069437,20.2866731987856,41.35972018555942
27,Short Hills (M&E),M&E,1628.0,1,136,SHORT HILLS,40.725249,-74.323754,10.454545454545457,46.0,33.152404000000004,335,SHORT HILLS,1495.7414331507832,209003.7244550082,32.93935984624843,67.22481395022525,95.83360985899324,5.765515419593765,28.047870992669974,39.56832245247842
28,Chatham (M&E),M&E,1611.0,1,27,CHATHAM,40.740137,-74.384812,8.181818181818182,49.0,42.325642,402,CHATHAM,956.509267674159,219285.40494747815,35.43602307149292,65.39210948470799,95.67175395865608,4.522895584991503,19.616020091601705,42.08295300427418
29,Radburn (MLBC),MLBC,1592.0,0,126,RADBURN,40.939914,-74.121617,5.954545454545454,37.0,29.611856,321,RADBURN,2482.802602400292,132665.44658425622,30.47246398975107,68.92718973219914,95.730797664799,6.751320997679191,14.734317906327725,45.50565076667886
30,Bloomfield (M-B),M-B,1537.0,1,19,BLOOMFIELD,40.792709,-74.200043,6.681818181818182,31.0,23.496364,644,BLOOMFIELD,3781.7359480359232,111990.75689123756,32.3477876294704,72.93689384660455,93.76119285154628,7.61321192858015,23.58479359037246,39.42179705717368
31,Madison (M&E),M&E,1536.0,1,77,MADISON,40.757028,-74.415105,8.181818181818182,54.0,45.383388,413,MADISON,1490.6998489689213,169218.56783978277,38.07677857295573,67.03618263783152,94.20057790691736,6.437717360623124,13.294141820217416,41.75918789408805
32,Cranford (RVL),RVL,1500.0,0,32,CRANFORD,40.655523,-74.303226,6.0,51.0,31.38213,454,CRANFORD,1908.445842019568,133431.4764395292,33.53294950200242,68.03082807106138,94.781722817695,6.488670264427648,16.519710776927816,44.3918115842403
33,Union (RVL),RVL,1470.0,0,38105,UNION,40.683663,-74.238605,5.954545454545454,41.0,24.94477,412,UNION,1993.870837385719,117230.25657785696,26.575713796977297,64.08879239678208,94.82803321951528,5.892936051693276,8.33251490267337,40.93429925654195
34,Jersey Ave. (NEC),NEC,1417.0,1,32906,JERSEY AVE.,40.476912,-74.467363,3.095238095238096,65.0,55.844098,1384,JERSEY AVE.,1191.5234324234132,51062.95190477217,12.674956967783498,68.7037330238125,85.9251515299269,14.074848470073116,10.923693294319396,30.854465323043588
35,Glen Ridge (M-B),M-B,1410.0,1,50,GLEN RIDGE,40.80059,-74.204655,6.681818181818182,34.0,24.1401,0,GLEN RIDGE,3390.8990639304307,140214.16661449286,37.45724575510626,73.72841649055495,94.78649470417068,6.948683454221482,23.861040767520315,38.185867042492674
36,Orange (M&E),M&E,1401.0,1,112,ORANGE,40.771883,-74.233103,10.363636363636363,44.0,30.738394000000003,104,ORANGE,5632.556920062156,50740.34974456479,14.62706009936584,63.61802643971691,93.01775947740096,9.129289784817422,27.70836510196899,37.63946037081039
37,Bay Street (M-B),M-B,1396.0,1,14,BAY STREET,40.808178,-74.208681,6.954545454545454,38.0,25.105704,240,BAY STREET,3181.718575174438,164319.0127895797,39.807069194467,71.57139117285024,96.23693875561209,5.271306341850612,28.0849391415302,36.33462373016269
38,Rutherford (MLBC),MLBC,1369.0,0,134,RUTHERFORD,40.828248,-74.100563,5.636363636363637,27.0,16.415267999999998,235,RUTHERFORD,1462.7872220085137,99377.31864930235,32.568245155070926,63.64866065306517,98.63133080309994,5.834219047166079,18.18602659749981,37.52264304351304
39,Middletown NJ,NJCL,1262.0,1,85,MIDDLETOWN NJ,40.38978,-74.116131,9.0,85.0,66.626676,1588,MIDDLETOWN NJ,564.5181343635089,129187.92759492568,36.09923700863035,62.03001642281637,93.38923018296276,7.310871115702743,17.203802834954924,46.85333246086355
40,Walnut Street (M-B),M-B,1208.0,1,152,WALNUT STREET,40.817218,-74.20963,4.818181818181818,41.0,26.232242,199,WALNUT STREET,3361.858336620926,167691.00606726797,37.40968947128595,71.88685654868026,94.55958208811036,5.659131596557828,27.61648151691633,37.21046361498519
41,Glen Rock Main Line (MLBC),MLBC,1157.0,0,52,GLEN ROCK MAIN LINE,40.962206,-74.133485,5.590909090909091,41.0,32.508668,198,GLEN ROCK MAIN LINE,1688.4950526987698,181752.6175963601,33.84436727579687,68.55823915433697,95.41406837323404,3.811998996097653,21.95851537744848,41.45252554964912
42,Fanwood (RVL),RVL,1087.0,0,44,FANWOOD,40.64106,-74.385003,5.954545454545454,67.0,38.463226,415,FANWOOD,1877.7934197377692,134403.98569538194,32.82341881058797,70.32431690915746,95.34437930549964,7.080614680933357,11.735501814115826,41.966598095581055
43,Red Bank (NJCL),NJCL,1068.0,1,130,RED BANK,40.348284,-74.074538,9.0,91.0,72.581234,473,RED BANK,1437.7734020402418,138033.52412004262,30.05204730501226,69.95215799618647,92.8644029150224,8.694968817208924,13.997626961837554,45.72113587795954
44,Long Branch (NJCL),NJCL,1050.0,1,74,LONG BRANCH,40.297145,-73.988331,12.681818181818182,89.0,82.07634,331,LONG BRANCH,2770.444999026088,58107.74038503409,14.642645610956238,63.77712466652218,91.25361741693334,9.268911444616675,6.386627485210736,40.40197891104302
45,South Amboy (NJCL),NJCL,1036.0,1,139,SOUTH AMBOY,40.484308,-74.28014,9.863636363636363,54.0,48.119266,544,SOUTH AMBOY,1781.1212157033788,79105.96784813375,15.113655970669845,72.01040797615053,95.86317063141402,5.951097432901581,8.278431198505421,45.07406032047546
46,Convent (M&E),M&E,1035.0,1,30,CONVENT,40.779038,-74.443435,8.136363636363637,58.0,49.245804,590,CONVENT,234.656677630742,148368.95770916136,38.87309116106295,60.29531269736668,93.4063505893666,9.523603862535914,13.664639143786154,42.46233653671695
47,Dover (M&E),M&E,983.0,1,35,DOVER,40.883415,-74.555887,9.181818181818182,83.0,69.684422,861,DOVER,2724.178503930183,67543.20891400604,11.39113261627871,70.71467429650957,95.04001125164498,4.959988748355028,6.010311271762716,37.06669053325554
48,Lyndhurst (MLBC),MLBC,929.0,0,75,LYNDHURST,40.816473,-74.124164,5.727272727272728,29.0,15.771532,470,LYNDHURST,3066.6839709667606,105954.64170551124,28.54184688114804,69.61796753652192,95.01267543304174,6.102333363640388,17.387666753905005,42.51994816501776
49,Roselle Park (RVL),RVL,908.0,0,31,ROSELLE PARK,40.66715,-74.266323,5.954545454545454,45.0,27.841582,190,ROSELLE PARK,2764.2999443067965,84465.95050107749,23.86088813027709,66.28632466526638,96.71269606526003,3.6333627015538825,8.641618426507257,38.72755380820608
50,Dunellen (RVL),RVL,904.0,0,36,DUNELLEN,40.590869,-74.463043,5.954545454545454,65.0,47.314596,368,DUNELLEN,1655.66969618929,76259.77473304552,21.9368761084775,69.96366175859075,92.2591435453697,9.210686959030085,8.370996252907773,41.67047686608499
51,Clifton (MLBC),MLBC,873.0,0,29,CLIFTON,40.867998,-74.153206,5.478260869565218,38.0,22.369826,437,CLIFTON,3557.86663675927,99375.84426790102,22.593920916546374,65.27113014569983,95.2182172581388,7.044031372362716,10.68154426662247,46.95964287704839
52,Hazlet (NJCL),NJCL,855.0,1,59,HAZLET,40.415385,-74.190393,9.0,79.0,59.706514,589,HAZLET,889.3307598748088,111410.12237294264,33.69203557636487,61.25392090594493,95.40990285501584,5.2487386114216354,13.211384586389498,48.82928202460268
53,RAMSEY ROUTE 17 STATION (MLBC),MLBC,834.0,0,38417,RAMSEY ROUTE 17 STATION,41.07513,-74.145485,8.0,53.0,47.797398,1221,RAMSEY ROUTE 17 STATION,1149.980188775933,124547.69284766963,43.095105703855324,64.63576841346014,94.70049240864012,5.299507591359888,9.313905608900283,45.76933860467683
54,Princeton (NEC),NEC,814.0,1,124,PRINCETON,40.342088,-74.65887,10.590909090909092,67.0,82.39820800000001,247,PRINCETON,1213.5730509600098,90957.93258841592,26.74101306264729,57.69363451739933,94.65295159423202,5.425523945720195,15.996406269759165,30.886050427326747
55,Watchung Avenue (M-B),M-B,802.0,1,153,WATCHUNG AVENUE,40.829514,-74.206934,4.652173913043479,44.0,27.519714,93,WATCHUNG AVENUE,2267.5117549262536,176504.27495615205,36.663300908111054,67.75378607123749,96.04216041748704,4.435881470487307,27.80517567853425,41.63664758238848
56,Perth Amboy (NJCL),NJCL,787.0,1,119,PERTH AMBOY,40.509398,-74.273752,9.272727272727272,47.0,45.06152,149,PERTH AMBOY,6295.326923712168,51080.37759178007,8.87772510495303,61.65917353746597,92.73814457986978,8.473892709681378,7.638523768564352,36.16753340981712
57,Plainfield (RVL),RVL,764.0,0,120,PLAINFIELD,40.618425,-74.420163,5.782608695652174,74.0,42.486576,189,PLAINFIELD,4410.141696525281,69269.6426797345,13.855561157642356,72.41961895200332,92.20649037328656,7.793509626713435,8.692823507691761,34.01781114999587
58,North Elizabeth (NEC),NEC,758.0,1,109,NORTH ELIZABETH,40.680265,-74.206165,8.0,27.0,23.496364,123,NORTH ELIZABETH,1691.9949736828637,71362.72925816521,7.776200329067683,34.75249758410701,97.65528133460836,8.616872338824429,13.71222256550878,36.51034398205066
59,Little Silver (NJCL),NJCL,709.0,1,73,LITTLE SILVER,40.326715,-74.041054,8.608695652173912,95.0,76.282716,553,LITTLE SILVER,593.5341585042938,189216.29012073565,32.44753701531077,58.042107666335134,97.1562349218143,3.7732408866958274,9.13178685659216,44.68164691159025
61,Somerville (RVL),RVL,685.0,0,138,SOMERVILLE,40.566075,-74.61397,6.0,79.0,61.315854,581,SOMERVILLE,934.3115393452024,101557.57313686969,27.648333873144704,73.81202777410869,95.7890091786067,3.69617279980994,1.7560196064305773,40.36418507497085
62,Delawanna (MLBC),MLBC,645.0,0,33,DELAWANNA,40.831369,-74.131262,5.727272727272728,30.0,17.541806,138,DELAWANNA,1696.52878269989,113054.614038404,33.18727897940209,74.0153314648299,93.30843805119794,7.844853598730554,14.765102253611945,41.28168310569782
63,Paterson (MLBC),MLBC,632.0,0,116,PATERSON,40.914887,-74.16733,5.590909090909091,45.0,28.002516,697,PATERSON,7560.067714711602,39995.77342862526,7.253289986373235,58.571706789720615,92.72907472052536,7.359974324771516,14.16198198162732,33.65056401797044
64,Upper Montclair (M-B),M-B,619.0,1,150,UPPER MONTCLAIR,40.842004,-74.209368,4.681818181818182,47.0,28.96812,109,UPPER MONTCLAIR,1652.3573141542413,183884.9230972451,41.03410673710362,63.8394449036264,96.35179183638115,5.079592663463557,25.223204120456263,46.60580894792447
65,Morris Plains (M&E),M&E,619.0,1,91,MORRIS PLAINS,40.828637,-74.478197,8.136363636363637,67.0,55.844098,245,MORRIS PLAINS,662.1439923116394,133235.4892419258,34.79319322054038,68.98950389759543,95.86624107908207,4.133758920917946,5.861776133235413,41.93470613577912
66,Passaic (MLBC),MLBC,617.0,0,115,PASSAIC,40.849411,-74.133933,5.727272727272728,34.0,19.633948,92,PASSAIC,5537.850511474805,86433.97664032139,20.98388254905059,61.59073979076162,92.31522605918164,8.563553216491444,14.247836424245277,33.47629551031405
67,Plauderville (MLBC),MLBC,597.0,0,121,PLAUDERVILLE,40.884916,-74.102695,5.590909090909091,37.0,23.33543,260,PLAUDERVILLE,4079.613282716906,78367.96389377106,19.097188136993672,64.5194788636236,96.07919027928882,4.666537792253696,10.101844548300985,41.49051521581743
69,MSU (M-B),M-B,583.0,1,38081,MSU,40.869782,-74.197439,4.954545454545454,56.0,32.347734,1535,MSU,1362.7437604098484,116816.44171323624,33.6867654766895,62.15636304344657,95.22991311072424,6.658604994614554,7.45140779149789,47.21700293728267
70,Kingsland (MLBC),MLBC,583.0,0,66,KINGSLAND,40.810121,-74.117334,5.727272727272728,27.0,16.89807,19,KINGSLAND,1532.432329689753,102679.05040070535,32.80127157865015,76.7944468459128,95.5615596221859,5.813911975133059,26.340925157756388,37.695679393912656
71,Raritan (RVL),RVL,577.0,0,129,RARITAN,40.571005,-74.634364,6.0,82.0,63.086128,283,RARITAN,577.6115557294952,108934.2903756073,24.40552383036199,74.16132501668791,96.66892858968636,3.3331037996150825,4.149712545467538,41.31640130336713
72,Murray Hill (GLAD),GLAD,572.0,0,99,MURRAY HILL,40.695068,-74.403134,5.863636363636363,56.0,42.003774,214,MURRAY HILL,925.163059069986,166016.15758908412,33.851936640364585,62.62617015497851,94.37333931173828,6.014261524141961,17.065571109659732,42.546808891271866
73,Bound Brook (RVL),RVL,571.0,0,21,BOUND BROOK,40.560929,-74.530617,5.954545454545454,71.0,53.91289,282,BOUND BROOK,1388.0014272007431,99383.93523856672,27.080876139108486,70.00443062393549,95.56978013328852,4.805608698919384,5.45597485176035,40.06359523399164
74,RAMSEY (MLBC),MLBC,559.0,0,128,RAMSEY,41.056422,-74.141877,6.818181818181818,72.0,43.774048,527,RAMSEY,1046.5531982672755,157826.20578554817,45.99193421383495,66.30321704889859,97.7507290664916,3.5629657433676694,14.303589147521974,44.61247812079322
75,New Providence (GLAD),GLAD,556.0,0,104,NEW PROVIDENCE,40.712022,-74.386501,5.863636363636363,53.0,39.42883,114,NEW PROVIDENCE,1599.108391910387,162530.43374961315,41.965624823121374,71.15988681804379,95.51192618881512,6.939044005741039,21.694358499016065,41.30572449684524
76,River Edge (Pascack),Pascack,544.0,0,132,RIVER EDGE,40.935146,-74.02914,3.4545454545454546,40.0,29.450922,101,RIVER EDGE,2275.426948454286,132701.71976884236,36.23802207946312,68.23769411582056,94.77896156125716,5.903846245176941,12.71554070165722,43.576885894440245
77,New Bridge Landing (Pascack),Pascack,536.0,0,110,NEW BRIDGE LANDING,40.910856,-74.035044,3.590909090909091,42.0,26.715044,281,NEW BRIDGE LANDING,1788.4941821107134,130148.18341840428,36.75098273108187,68.26413160316986,94.0558234133868,6.991707702808793,13.640509684450093,44.66439596734645
78,Asbury Park (NJCL),NJCL,514.0,0,8,ASBURY PARK,40.215359,-74.014786,4.545454545454546,107.0,91.571446,38,ASBURY PARK,3513.9581587466923,63138.87594326836,23.969447331597447,70.39605472542794,93.84824276950415,8.252042009940771,7.62530654417592,41.37036176781605
79,Hawthorne (MLBC),MLBC,511.0,0,58,HAWTHORNE,40.942539,-74.152411,5.590909090909091,49.0,31.221196,128,HAWTHORNE,2540.7778670016914,103813.64754511473,25.72903018260548,71.64891552208655,96.13760282443226,4.983941762724447,8.901635850551287,36.261983353389454
80,Hohokus (MLBC),MLBC,502.0,0,64,HOHOKUS,40.997369,-74.113521,10.227272727272728,48.0,36.371084,203,HOHOKUS,1657.0442517576112,189907.46711877745,41.23758441022668,68.75173691402684,96.3006211202513,3.8011633113193546,23.086963275007097,43.06432298741745
81,Waldwick (MLBC),MLBC,493.0,0,151,WALDWICK,41.012734,-74.123412,10.227272727272728,52.0,38.302292,195,WALDWICK,1559.9572619084208,149775.72801076373,38.78925708892825,68.59406196863185,96.7793445105242,3.220655489475803,18.698128367932718,41.292537020081205
82,Netherwood (RVL),RVL,490.0,0,102,NETHERWOOD,40.629148,-74.403455,5.954545454545454,71.0,40.555368,158,NETHERWOOD,2405.207015862707,98662.97481397088,25.387294766308653,69.86827582871284,93.94433311574096,6.734511277799674,11.734096816252228,40.21698498502876
84,Denville (M&E),M&E,477.0,1,34,DENVILLE,40.8839,-74.481513,9.318181818181818,76.0,62.925194000000005,237,DENVILLE,681.1692486927956,136188.40495855102,35.24718651324613,68.79025506686733,95.17671817885336,5.467033342200744,4.323325373965907,46.84358253080661
85,Berkeley Heights (GLAD),GLAD,471.0,0,17,BERKELEY HEIGHTS,40.682345,-74.442649,5.863636363636363,66.0,45.86619,219,BERKELEY HEIGHTS,449.9443925619194,156044.4230110141,32.47879023906611,62.894104065809074,90.53742344536614,9.753605577362029,10.067071230471976,44.57980127309877
86,East Orange (M&E),M&E,455.0,0,37,EAST ORANGE,40.760977,-74.210464,7.636363636363637,28.0,22.208892,53,EAST ORANGE,7233.560051024603,46417.27880593208,13.93970773319472,66.38212745688612,87.79135612990224,13.44009650564688,24.437584466154338,35.09082668257832
87,Westwood (Pascack),Pascack,451.0,0,156,WESTWOOD,40.990817,-74.032696,3.4545454545454546,51.0,36.21015,220,WESTWOOD,2080.2659414125487,123729.07843397284,34.65600731709555,71.65976360116998,97.9637939143666,2.9718177101809897,8.918207782288638,44.14896588585162
88,WATSESSING AVENUE (M-B),M-B,434.0,1,154,WATSESSING AVENUE,40.782743,-74.198451,5.863636363636363,29.0,22.047958,59,WATSESSING AVENUE,4530.918868156759,72546.35148490986,22.507832834877743,70.18059673570977,92.59717682196006,8.572181805828105,19.19229844586188,36.88309726041693
89,Allendale (MLBC),MLBC,423.0,0,3,ALLENDALE,41.030902,-74.130957,6.681818181818182,68.0,40.555368,251,ALLENDALE,880.7849404820388,164338.34210014218,43.215384851296726,61.116557251288135,96.11210508200963,4.3741182247672254,16.491195160991992,44.70743194502343
90,Anderson Street (Pascack),Pascack,417.0,0,5,ANDERSON STREET,40.894458,-74.043781,3.5454545454545454,39.0,24.783836,50,ANDERSON STREET,3668.155833932832,82780.83044679077,29.625835581974016,70.40366230192299,96.22606877187584,4.172475732373519,20.137828519182133,40.04783811367907
91,Oradell (Pascack),Pascack,401.0,0,111,ORADELL,40.953478,-74.029983,3.4545454545454546,47.0,31.703998,304,ORADELL,1137.4191343824796,178941.6375376217,40.872256263252325,63.95188124061921,96.47776826106757,4.0928764946149085,15.58709430451539,43.8829682562108
92,Hillsdale (Pascack),Pascack,398.0,0,62,HILLSDALE,41.002414,-74.041033,3.619047619047619,51.0,37.497622,261,HILLSDALE,1664.409847015126,141877.18004036832,31.309095424599704,69.01317886540947,96.58626968504062,3.5919112851856263,8.408367576090878,44.1293250948494
93,Lyons (GLAD),GLAD,385.0,0,76,LYONS,40.684844,-74.54947,5.863636363636363,79.0,55.52223,331,LYONS,519.8190801649409,219767.86854251308,34.2671686192743,57.51237830825144,94.75027284436304,5.249727155636952,9.232641102135698,47.53393085523481
94,Montclair Heights (M-B),M-B,350.0,1,89,MONTCLAIR HEIGHTS,40.857536,-74.2025,4.904761904761905,52.0,30.738394000000003,63,MONTCLAIR HEIGHTS,1326.657668322451,168360.5568297738,39.42600683572914,64.531718806726,96.07425270082668,5.01508567499526,16.37285854454742,43.22831716208691
95,Essex Street (Pascack),Pascack,349.0,0,43,ESSEX STREET,40.878973,-74.051893,3.5,36.0,23.013562,214,ESSEX STREET,2854.293476391899,69342.09335585205,19.90920677274296,68.20803557677976,95.66062012402892,4.4764279772461055,14.537705466491223,38.18502168422421
96,Bridgewater (RVL),RVL,346.0,0,24,BRIDGEWATER,40.559904,-74.551741,5.909090909090909,74.0,55.844098,467,BRIDGEWATER,858.5028006195221,65500.15176191936,18.17134289683277,78.7305281213188,96.95081228704235,3.049187712957653,4.523503724404342,38.73268535366165
97,Mountain Station (M&E),M&E,333.0,0,97,MOUNTAIN STATION,40.755365,-74.253024,6.090909090909091,39.0,28.002516,88,MOUNTAIN STATION,2299.667418326104,148580.37138920158,30.63278019372607,68.52480372960034,94.3306582377522,7.281725644003997,36.446752623550665,41.3374735159361
98,Broadway (MLBC),MLBC,317.0,0,25,BROADWAY,40.922505,-74.115236,5.590909090909091,47.0,27.680648,80,BROADWAY,3012.820369344677,108821.99110685124,31.80247807690497,66.73177175403785,94.66556087903771,8.666886608191575,12.983512091404869,42.56640559803683
100,Wood-Ridge (Pascack),Pascack,305.0,0,160,WOOD-RIDGE,40.843974,-74.078719,3.5454545454545454,29.0,18.50741,130,WOOD-RIDGE,763.0134087891917,73017.72938324428,16.207852989196528,66.35784540521232,98.02283903568612,4.495545202085057,9.305228564952795,36.31198554768482
101,POINT PLEASANT (NJCL),NJCL,256.0,1,122,POINT PLEASANT,40.092718,-74.048191,4.545454545454546,144.0,105.572704,190,POINT PLEASANT,1301.7532078967602,117730.51782203183,40.2581579475842,60.66725638817802,93.79499141561276,7.386477500715944,4.404835144869563,50.64276866919908
102,Belmar (NJCL),NJCL,241.0,0,15,BELMAR,40.18059,-74.027301,4.545454545454546,114.0,95.433862,185,BELMAR,2039.0419225271617,92793.83246232964,34.74565974857685,70.69722102918334,94.5202282089299,5.879838210664994,3.586504178919025,46.45343975315056
103,Highland Avenue (M&E),M&E,233.0,0,61,HIGHLAND AVENUE,40.766863,-74.243744,6.2727272727272725,41.0,29.611856,31,HIGHLAND AVENUE,4527.040699229853,82809.22875198322,19.22283151436912,65.40528702902432,93.4020596100609,8.064308469173772,24.914326030581144,40.52427490619309
104,Avenel (NJCL),NJCL,222.0,1,11,AVENEL,40.57762,-74.27753,6.2727272727272725,52.0,37.336688,33,AVENEL,2117.7039502156176,84637.3148728014,12.963693804225976,67.94044607573093,96.16962712207332,4.393674181546944,9.141782730217953,41.80233202503384
105,Emerson (Pascack),Pascack,219.0,0,42,EMERSON,40.975036,-74.027474,3.409090909090909,45.0,34.118008,101,EMERSON,1334.1099646726886,159631.33888459788,38.12390421465596,66.25956317577823,97.65332597010762,5.26103878963696,17.584697023384248,48.16195602697976
106,Bradley Beach (NJCL),NJCL,196.0,0,22,BRADLEY BEACH,40.203751,-74.018891,4.545454545454546,110.0,92.697984,73,BRADLEY BEACH,2432.998400937733,70118.38032878333,26.44129864400051,66.45781258766974,95.80259313176116,6.217030161073557,8.269881178128536,47.32731110028562
107,Wesmont (MLBC),MLBC,188.0,0,43599,WESMONT,40.854979,-74.096951,5.045454545454546,32.0,19.473014,216,WESMONT,3114.1352417914104,115883.46572258657,26.059591533229224,71.14150531911211,96.55170969335796,5.09944296797735,12.944410379351329,41.40324641484418
108,Bay Head (NJCL),NJCL,179.0,0,13,BAY HEAD,40.077178,-74.046183,4.545454545454546,148.0,107.182044,99,BAY HEAD,1341.112876559143,104828.00841538404,35.39957016330964,60.39839205391884,95.90513760617772,4.292486336596748,3.560991685067674,48.80329391267586
110,Park Ridge (Pascack),Pascack,176.0,0,114,PARK RIDGE,41.032305,-74.036164,3.619047619047619,57.0,40.877236,132,PARK RIDGE,1120.021065317301,145357.34344601302,36.57204412220341,66.53420727545713,96.682449309926,4.806621707288657,9.780294041211256,46.33851514208593
111,Garfield (MLBC),MLBC,175.0,0,46,GARFIELD,40.866669,-74.10556,4.2727272727272725,39.0,21.243288,0,GARFIELD,5738.605143349663,69133.93922223171,17.07474049844407,66.58891656010266,94.4007460280696,6.354696669523699,15.331968771017609,35.26120172463797
112,Little Falls (M-B),M-B,165.0,0,72,LITTLE FALLS,40.880669,-74.235372,2.1666666666666665,63.0,36.853886,0,LITTLE FALLS,1003.9163864651912,122435.34856538405,24.09534344591238,65.98589646970011,95.0602357174126,7.886638123089678,9.31028492755284,43.52282599939776
113,Manasquan (NJCL),NJCL,164.0,0,79,MANASQUAN,40.120573,-74.047688,4.545454545454546,139.0,102.354024,140,MANASQUAN,1320.585834600972,167963.05840726945,41.379293543428126,64.34663473978875,89.92981917329169,10.782822428757289,4.864054807620145,47.297278813466974
115,Mahwah (MLBC),MLBC,157.0,0,78,MAHWAH,41.094416,-74.14662,6.565217391304348,77.0,47.797398,86,MAHWAH,979.4705397511711,99057.04378896407,34.76164037200832,60.01310236136044,95.95501442406297,4.9215484009003525,7.971273701399163,45.87476861363267
116,Montvale (Pascack),Pascack,152.0,0,90,MONTVALE,41.040879,-74.029152,3.619047619047619,59.0,42.164708,206,MONTVALE,1160.52020146356,156457.58454157904,33.132219555324376,66.02186084289728,94.70001478196129,7.310155926765029,10.855839202401906,44.48188144702447
117,Spring Lake (NJCL),NJCL,147.0,1,141,SPRING LAKE,40.150557,-74.035481,4.545454545454546,135.0,98.813476,0,SPRING LAKE,1032.342914347866,89696.85514572386,36.625923774095234,49.09807590386863,96.15889123622073,5.297209259040427,10.74961128558293,55.332114337263576
118,Gillette (GLAD),GLAD,146.0,0,48,GILLETTE,40.678251,-74.468317,5.909090909090909,69.0,48.119266,82,GILLETTE,204.1029727697063,131561.77969978724,31.253483154608105,60.990299537682574,90.916379027534,9.083620972466004,9.342711104192125,46.03798822452364
119,Bernardsville (GLAD),GLAD,135.0,0,18,BERNARDSVILLE,40.716845,-74.571023,5.863636363636363,85.0,60.35025,143,BERNARDSVILLE,364.314190835068,169213.6169805021,37.43847015753793,65.09814059905376,94.17410370600496,9.697573790964505,5.274143829326112,44.931090216789855
120,Mountain Avenue (M-B),M-B,133.0,1,95,MOUNTAIN AVENUE,40.848715,-74.205306,3.6666666666666665,49.0,29.77279,25,MOUNTAIN AVENUE,1550.7545889149314,188058.69382981723,39.61473927984246,62.05562349825161,96.28279832901887,4.884106610304582,23.923246132896093,43.30054133214228
122,Millington (GLAD),GLAD,131.0,0,88,MILLINGTON,40.673513,-74.523606,5.863636363636363,76.0,52.786352,0,MILLINGTON,427.5188294162695,167656.8845560753,34.69736791486446,62.7821268413643,97.27114837514335,3.227631388151733,9.53118063765606,45.10261350878391
123,Garwood (RVL),RVL,126.0,0,47,GARWOOD,40.652569,-74.324794,5.5,58.0,33.313338,0,GARWOOD,2003.948880073076,125440.30942891396,39.66163385249327,68.28886738138898,95.51017966458149,4.873146744471507,12.890264522484255,42.29041522921575
124,Allenhurst (NJCL),NJCL,123.0,0,4,ALLENHURST,40.237659,-74.006769,4.714285714285714,104.0,88.83556800000001,0,ALLENHURST,814.2403658052884,91947.5436870031,35.2565517198017,56.39409536123451,96.03114382304204,4.788024923710807,7.6599631376178845,42.668809947315054
125,Gladstone (GLAD),GLAD,121.0,0,49,GLADSTONE,40.720284,-74.666371,5.227272727272728,92.0,72.4203,0,GLADSTONE,58.40161123965347,122511.41761293844,32.757615056686284,58.27323100918222,96.74687975531069,3.2531202446893257,3.983086734010332,46.64010594136055
127,Mountain View (M-B),M-B,118.0,0,98,MOUNTAIN VIEW,40.914402,-74.268158,2.1666666666666665,70.0,41.681906,228,MOUNTAIN VIEW,528.741040295268,95243.49319108207,25.197137548051938,68.02172886073427,91.509866872018,8.49013312798201,6.525106655069519,40.36605042706353
128,Stirling (GLAD),GLAD,117.0,0,143,STIRLING,40.674579,-74.493723,5.863636363636363,72.0,50.372342,39,STIRLING,253.0338608179602,143081.50684415264,29.47629550879332,63.67928892088175,89.3752394014977,10.624760598502284,9.731414457140566,42.99463051925368
129,Elberon (NJCL),NJCL,115.0,0,40,ELBERON,40.265292,-73.99762,4.714285714285714,100.0,85.616888,222,ELBERON,629.3290966652805,97005.82242486562,26.469210339493003,56.111791808952354,95.09288451458048,5.437667777064063,7.878232613950998,38.695941707434656
130,Far Hills (GLAD),GLAD,113.0,0,45,FAR HILLS,40.68571,-74.633734,5.681818181818182,91.0,67.10947800000001,0,FAR HILLS,38.35930230207849,123200.05748329718,33.90924304564377,58.96668219226956,95.23656349944102,4.7634365005589885,4.139954279794041,48.911820523596894
131,Mount Arlington (M&E),M&E,110.0,1,39472,MOUNT ARLINGTON,40.89659,-74.632731,2.8125,95.0,77.570188,0,MOUNT ARLINGTON,220.21143946916592,95422.16864944604,29.79272713637758,69.30951109975943,99.79506264042104,1.644962302947224,3.0,52.41511552998251
132,Woodcliff Lake (Pascack),Pascack,108.0,0,159,WOODCLIFF LAKE,41.021078,-74.040775,3.333333333333333,56.0,39.589764,0,WOODCLIFF LAKE,1081.311102185325,136847.43444554412,32.67420529532777,68.69604420351473,97.38553553734548,3.377313485476774,9.065121749797784,42.6930186055126
133,WAYNE/ROUTE 23 TRANSIT CENTER [RR],M-B,106.0,1,39635,WAYNE/ROUTE 23 TRANSIT CENTER [RR],40.900254,-74.256971,2.1666666666666665,67.0,39.750698,996,WAYNE/ROUTE 23 TRANSIT CENTER [RR],451.71678710329047,79037.10779351287,21.0986856652047,64.87911247767292,95.10177277859648,6.960893291594175,8.1564737152372,35.184913294892155
134,Teterboro (Pascack),Pascack,104.0,0,146,TETERBORO,40.864858,-74.062676,3.3181818181818183,32.0,21.082354,0,TETERBORO,1000.9524051622922,76331.07646993503,17.716643228414245,67.43385572975895,95.60193032782703,4.869964125593262,8.86495951382066,38.06391766311157
135,Lincoln Park (M-B),M-B,101.0,0,69,LINCOLN PARK,40.924138,-74.301826,2.1666666666666665,76.0,44.739652,0,LINCOLN PARK,636.905185345148,102845.16932295189,28.035641441756475,68.27053415925421,91.86077648633206,10.672208231761168,4.329401824012471,49.7382112747433
137,White House (RVL),RVL,96.0,0,157,WHITE HOUSE,40.615611,-74.77066,1.5333333333333334,95.0,76.604584,0,WHITE HOUSE,133.72269355909833,136030.0167774462,32.606781104645144,60.15471022157269,95.06781084032308,7.992975669629271,7.253212527358949,53.67375149226029
138,Hackettstown (M&E),M&E,85.0,1,54,HACKETTSTOWN,40.851444,-74.835352,1.5714285714285714,121.0,100.744684,99,HACKETTSTOWN,507.406156441718,85507.80031984676,23.939160806758487,67.03260580577911,93.9630571978786,6.0369428021213976,1.7747727135870874,43.29641146578627
139,Netcong (M&E),M&E,82.0,1,101,NETCONG,40.897552,-74.707317,1.6875,104.0,85.455954,0,NETCONG,229.3505655306078,148999.28523868718,38.93211377294891,69.82252333095583,87.00002183712715,11.314730284955871,2.7304182592603072,41.878005265659375
140,Towaco (M-B),M-B,80.0,0,147,TOWACO,40.922809,-74.343842,2.1666666666666665,81.0,48.441134000000005,0,TOWACO,505.570338840078,132098.11863123236,40.93021714844361,63.522348396122936,95.2182416645666,4.781758335433404,7.094517085764241,49.15158977859397
141,Basking Ridge (GLAD),GLAD,79.0,0,12,BASKING RIDGE,40.711378,-74.55527,5.863636363636363,82.0,58.419042,89,BASKING RIDGE,435.8636441138684,139490.9901033314,36.92461455208317,59.53025845261992,96.8755135248776,7.870067815135382,7.624268393212473,45.47761002242096
143,Annandale (RVL),RVL,65.0,0,6,ANNANDALE,40.645173,-74.878569,1.6428571428571428,105.0,86.260624,0,ANNANDALE,143.94656918873588,141330.71465561187,25.024908012506856,50.4291331407327,94.56055891600737,5.340281918136346,2.457466918714556,45.97500866526509
144,Boonton (M-B),M-B,58.0,0,20,BOONTON,40.903378,-74.407736,2.1666666666666665,87.0,55.039428,0,BOONTON,536.8908441226671,135166.2315785062,38.67141131995854,61.88487824576372,96.1361387614718,4.110610358668443,5.28505364470761,46.077624916854376
145,High Bridge (RVL),RVL,50.0,0,60,HIGH BRIDGE,40.666884,-74.895863,1.5333333333333334,110.0,89.31837,40,HIGH BRIDGE,466.11381907130846,115129.83349236252,32.946167969694955,66.07721654417854,92.88808284261772,8.037558923183763,2.318927308276556,41.18522245410518
146,North Branch (RVL),RVL,48.0,0,108,NORTH BRANCH,40.59202,-74.683802,1.5333333333333334,88.0,68.557884,0,NORTH BRANCH,359.6079352137139,133772.3657627146,33.419514165899464,71.84707934958627,94.5641302444994,5.378420084489794,3.4895883846959115,44.89326137749465
147,Lake Hopatcong (M&E),M&E,45.0,1,67,LAKE HOPATCONG,40.904219,-74.665697,2.8125,99.0,81.432604,0,LAKE HOPATCONG,583.2296255553393,76238.793231896,22.69663392610529,66.42601635704678,97.49240540691468,3.5929501956070435,6.5805510242456124,32.42424882390086
148,Peapack (GLAD),GLAD,36.0,0,117,PEAPACK,40.708794,-74.658469,5.681818181818182,87.0,70.971894,0,PEAPACK,173.9006742927927,120407.55089362856,31.6663093205627,57.3565911679277,97.54219127703472,2.457808722965258,4.537264224638766,38.200677929754896
149,Mount Tabor (M&E),M&E,30.0,1,94,MOUNT TABOR,40.875904,-74.481915,4.571428571428571,73.0,61.798656,0,MOUNT TABOR,682.6121499670601,150906.31588612733,33.926886107004755,68.92181557101978,94.15128507152671,5.848714928473258,3.634733496370647,46.57832733223555
150,Lebanon (RVL),RVL,21.0,0,68,LEBANON,40.636903,-74.835766,1.5333333333333334,101.0,82.559142,0,LEBANON,102.92250555276172,139156.7328306868,24.40119319395224,58.45319266394921,96.53871932126523,3.4612806787347346,2.526487367563162,54.70765635318326
151,Mountain Lakes (M-B),M-B,17.0,0,96,MOUNTAIN LAKES,40.885947,-74.433604,2.1666666666666665,90.0,57.93624,0,MOUNTAIN LAKES,606.9582690295919,165275.19648816492,37.4947321297563,63.039388445311296,94.5724149960444,5.427585003955594,5.904812344148483,46.620019265228336
152,Mount Olive (M&E),M&E,16.0,1,93,MOUNT OLIVE,40.907376,-74.730653,1.6875,109.0,88.83556800000001,0,MOUNT OLIVE,148.64023977548055,166017.59768298976,42.94106207179888,71.33904054973786,84.0475454298867,12.8781078318851,2.39265601589316,45.34310181832311
