Ridership Rank,Station Name,Line,Ridership,Midtown Direct Binary,stop_id,Official NJT Station Name,stop_lat,stop_lon,avg_trains_per_hour,Duration to NY Penn (mins),Distance from NY Penn (km),Total Parking Spaces,station_name,Popoulation_Density_weighted_avg,Median_Household_Income_weighted_avg,Percent_Bach_Degree_weighted_avg,Labor_Force_Participation_Rate_weighted_avg,Employment_Rate_weighted_avg,Unemployment_Rate_weighted_avg,Percent_Public_Transit_Users_weighted_avg,Median_Age_weighted_avg,Walk_Score,Percent_Public_Transit_Users_log,Ridership_log,avg_trains_per_hour_log,Duration_to_NY_Penn_log,Population_Density_log,Median_Household_Income_sqrt,Percent_Bach_Degree_log,Labor_Force_Participation_log,Employment_Rate_reciprocal,Unemployment_Rate_log,Median_Age_sqrt,Median_Household_Income_log,Total_Parking_Spaces_Log
5,Metropark (NEC),NEC,7537.0,1,83,METROPARK,40.56864,-74.329394,12.227272727272728,37.0,39.750698,3491,METROPARK,1996.2428467655332,125833.56412535612,31.88340546935675,71.96540155378021,95.3381289500204,6.02822512724826,19.252546725355685,43.51136310726442,21.333333333333336,3.008280549859988,8.92771217382708,2.5822808138131768,3.6375861597263857,7.599522931813884,354.7302695363847,3.492968137493701,4.289985377479885,0.010488982855162126,1.9499342027156585,6.596314357826227,11.74272334008393,8.158229916959494
6,PRINCETON JCT. (NEC),NEC,6817.0,1,125,PRINCETON JCT.,40.316316,-74.623753,22.363636363636363,55.0,78.535792,4118,PRINCETON JCT.,609.3753270584624,187301.5489054444,32.46697669580812,79.47314807581601,94.36332788813668,5.636672111863326,12.172908981657772,39.45070789405748,24.666666666666668,2.5781623707618726,8.827321452697849,3.1511808120968494,4.02535169073515,6.414074058213689,432.7834896405412,3.510559182365578,4.3879235645040024,0.010597337147598836,1.8926106498792798,6.280979851429033,12.140480497017876,8.323365694436081
7,Hamilton (NEC),NEC,5178.0,1,32905,HAMILTON,40.255309,-74.70412,11.727272727272728,63.0,87.70903,3539,HAMILTON,579.3726229930647,115007.19225251568,20.67282862905352,67.60569159319218,97.64395070410733,2.3560492958926837,8.192631215713956,36.99650270851608,9.284038347027227,2.218402208305606,8.552367266423891,2.5437471498109336,4.1588830833596715,6.3636703506919226,339.12710338826605,3.0760593390580158,4.228375499120989,0.010241289837097258,1.210764477380477,6.082475047915617,11.652758641786551,8.17188200612782
8,New Brunswick (NEC),NEC,4700.0,1,103,NEW BRUNSWICK,40.497278,-74.445751,12.818181818181818,57.0,52.786352,4441,NEW BRUNSWICK,5037.677400839643,67275.32641719551,19.59722431303752,62.212331992560365,95.47542414725322,5.608216026530983,10.635961728630903,30.34871067533391,100.0,2.4541004515789817,8.45553053102413,2.625985248047906,4.060443010546419,8.524898906158814,259.3748762258895,3.025156324631448,4.146499408582682,0.01047389952892678,1.8883137273506272,5.508966389018353,11.116563691747015,8.398860004454372
9,NEWARK AIRPORT RAILROAD STATION (NEC),NEC,4253.0,1,37953,NEWARK AIRPORT RAILROAD STATION,40.704415,-74.190717,21.045454545454547,26.0,20.438618,0,NEWARK AIRPORT RAILROAD STATION,1088.2788282762428,11634.0,2.143622722400857,11.126760563380282,72.57383966244726,27.42616033755274,72.09302325581395,39.5,1.989436788648692,4.291732921104005,8.355614995760183,3.0931064375791673,3.295836866004329,6.993271130817853,107.86102168995063,1.1453758681301072,2.4954146273864155,0.013779069767441861,3.3473098598255286,6.284902544988268,9.361773075736393,0.0
10,South Orange (M&E),M&E,4131.0,1,140,SOUTH ORANGE,40.745952,-74.260538,11.136363636363637,34.0,26.715044,511,SOUTH ORANGE,2262.619330735887,178387.20466446664,37.6509155992358,72.1392284843943,95.78745755410765,5.230115611358338,33.391181735827566,39.34911441466799,41.333333333333336,3.537800186628652,8.326516830239528,2.4962062050419336,3.5553480614894135,7.724720285051611,422.3590944498137,3.6545704642544123,4.292364864188628,0.010439780170959524,1.8293948898275543,6.272887247087101,12.091717379590554,6.238324625039508
11,TRENTON TRANSIT CENTER (NEC),NEC,3894.0,1,148,TRENTON TRANSIT CENTER,40.218515,-74.753926,11.727272727272728,70.0,93.663588,3644,TRENTON TRANSIT CENTER,4859.975117522396,41030.88557386424,9.882957269016662,59.76246339746353,89.47848071715188,12.543241804652544,11.944023608057591,36.12655017936701,70.0,2.560634184175535,8.267448958304849,2.5437471498109336,4.2626798770413155,8.488994338234246,202.56081944409743,2.3871980123087764,4.106972219984452,0.011175871471947253,2.6058876630994257,6.010536596624881,10.622104740360406,8.201111644442758
12,Summit (M&E),M&E,3880.0,1,145,SUMMIT,40.716549,-74.357807,16.09090909090909,41.0,36.853886,966,SUMMIT,1534.561262628598,175551.93266989835,37.67873547720299,65.29049569541104,93.98899068627092,7.361200029826519,22.26359862305752,40.59363358414184,44.666666666666664,3.1468898480668486,8.263848131368906,2.8385466900315786,3.7376696182833684,7.336651236596291,418.98917965730135,3.655289978147987,4.1940465339054,0.010639543979548992,2.123601961032744,6.371313332755017,12.075695887067399,6.874198495453294
13,Metuchen (NEC),NEC,3534.0,1,84,METUCHEN,40.540736,-74.360671,12.0,46.0,43.934982,1552,METUCHEN,1694.7889446873776,126668.45311684906,28.81399417645001,73.71671883289021,95.9781646823919,4.530650941642408,19.452452795715384,40.56808261414113,38.0,3.0181028164072274,8.170468578330674,2.5649493574615367,3.8501476017100584,7.435903365617244,355.90511813803556,3.3949778865188445,4.313703880120339,0.010419036489280352,1.7103055195729286,6.369307859896641,11.749336241083414,7.347943823148687
14,Maplewood (M&E),M&E,3488.0,1,81,MAPLEWOOD,40.731149,-74.275427,11.090909090909092,38.0,28.807186,655,MAPLEWOOD,2176.8114303524967,201959.053533363,38.778453543633766,73.16637559354871,95.0066654181274,5.679649906035264,36.26768543534227,41.024144883197046,40.666666666666664,3.6181266089424424,8.157370441186774,2.4924538554233835,3.6635616461296463,7.686075720475879,449.3985464299623,3.6833253974472835,4.306310888349119,0.010525577290803416,1.8990655768989821,6.405009358556555,12.215825202041954,6.486160788944089
15,Elizabeth (NEC),NEC,3417.0,1,41,ELIZABETH,40.667857,-74.215174,15.545454545454543,30.0,25.105704,1299,ELIZABETH,6322.731594633503,69235.13886883107,15.29612813416384,65.9691663160233,94.08493623402654,6.850014768789793,11.94942545355389,35.71944766598648,28.666666666666668,2.5610514206403883,8.136810863675537,2.8061114142784245,3.4339872044851463,8.752064755087343,263.12570925097964,2.79092754181479,4.204232309226038,0.010628694029324775,2.0605154131670433,5.976574910932388,11.145278243275849,7.170119543449628
16,Rahway (NEC),NEC,3233.0,1,127,RAHWAY,40.606338,-74.276692,17.40909090909091,41.0,33.957074,646,RAHWAY,3190.3527872149293,74842.85021775485,16.093142236037984,67.94791240234714,94.93815438839069,7.771998073803427,12.938493599833487,36.7627656329135,22.666666666666664,2.634654336353501,8.081475040137052,2.912844613748223,3.7376696182833684,8.06820017711335,273.57421336404286,2.838677344242849,4.2333513268026675,0.010533172952878499,2.171564610970965,6.063230626729738,11.2231592250529,6.472346294500901
17,Edison Station (NEC),NEC,3008.0,1,38,EDISON STATION,40.519148,-74.410972,12.0,51.0,48.923936,797,EDISON STATION,2148.6917369426565,96891.22649811865,23.45028677614753,65.96824503133314,90.41519121566624,9.609696613075904,10.638162200532523,33.19844634097824,39.33333333333333,2.4542895432857095,8.009363076630045,2.5649493574615367,3.9512437185814275,7.673079732675871,311.2735557321223,3.1966419449378844,4.204218552282687,0.01106008831651655,2.361768357785009,5.761809294048029,11.48135457276327,6.682108597449809
18,Newark Broad ST,M&E,2996.0,1,106,NEWARK BROAD ST,40.747621,-74.171943,18.47826086956522,24.0,16.89807,0,NEWARK BROAD ST,5763.720098272076,56563.18514010225,19.55058466272316,59.65724054751579,90.94751835333486,10.12805066599131,35.818011863077345,33.67751255399997,44.0,3.6059871782329487,8.005367067316664,2.9692990164858357,3.2188758248682006,8.659511879620242,237.83016028271572,3.0228893912783152,4.105239010746249,0.010995352243861771,2.4094690076294065,5.803232939836206,10.943131292530687,0.0
19,Westfield (RVL),RVL,2722.0,0,155,WESTFIELD,40.649448,-74.347629,6.090909090909091,53.0,35.244546,698,WESTFIELD,1777.0399076466529,187974.77553690836,39.97286954193499,66.72522842836653,95.60714570579071,5.243660514130203,21.315271252617748,40.83512771447316,88.0,3.1052712536254474,7.909489492673759,1.9588135538912212,3.9889840465642745,7.483266861067546,433.56057885479896,3.712910129182607,4.215458760846483,0.010459469243829045,1.8315666312407826,6.390236905974078,12.144068379982674,6.54965074223381
20,Aberdeen-Matawan (NJCL),NJCL,2337.0,1,37169,ABERDEEN-MATAWAN,40.420161,-74.223702,9.0,62.0,56.809702,1297,ABERDEEN-MATAWAN,1485.2545614554435,100392.34855799915,23.85089886827149,69.06502424735608,94.73287793067011,5.2671220693298775,14.122011110593157,43.25976335272704,3.978873577297384,2.7161513718662116,7.757051142032013,2.302585092994046,4.143134726391533,7.3040145171040285,316.8475162566359,3.2128939236498835,4.249423728691572,0.010555997261392672,1.8353172491651573,6.577215471058177,11.516851234622857,7.168579897264035
21,Linden (NEC),NEC,2272.0,1,70,LINDEN,40.629485,-74.251772,15.590909090909092,37.0,30.416526,663,LINDEN,1068.9033198217892,85805.96870830355,12.935193759816602,63.32232007393275,91.91362649658129,8.379234544257613,7.02040501485897,39.63749126895641,23.266432994775045,2.081988921209167,7.728855823852543,2.808854900224176,3.6375861597263857,6.975323568066926,292.926558557437,2.6344175653809545,4.163906695021368,0.010879779616107246,2.2384981545984504,6.295831261156577,11.359855502554355,6.498282149476434
22,Brick Church (M&E),M&E,2041.0,1,23,BRICK CHURCH,40.765134,-74.218612,10.727272727272728,27.0,21.404222,109,BRICK CHURCH,6523.731922253606,47901.39319248668,12.947254795704222,64.68965672455221,92.02436190468887,9.548008175344464,26.33731918845053,37.36308181730303,24.0,3.3082527719325645,7.621684998724611,2.4619171315633017,3.332204510175204,8.783355146634804,218.8638690887253,2.6352827000635033,4.184941481202681,0.010866687682504294,2.355937043551838,6.112534811132206,10.776920744415792,4.700480365792417
23,Millburn (M&E),M&E,1837.0,1,87,MILLBURN,40.725622,-74.303755,10.772727272727272,51.0,32.025866,576,MILLBURN,990.3618312742155,192128.7106551872,34.43772071325063,69.85070767366568,94.90009615008232,5.522734720234275,40.820131916305336,40.96348159955756,30.666666666666664,3.7333778483787103,7.516433302915632,2.4657856083412217,3.9512437185814275,6.899079585021063,438.3248916673421,3.567776809708452,4.260574954423654,0.010537397121479445,1.875293723618785,6.400271994185681,12.165925999240057,6.3578422665081
24,Morristown (M&E),M&E,1822.0,1,92,MORRISTOWN,40.797113,-74.474086,8.136363636363637,63.0,52.464484,566,MORRISTOWN,1982.268733488268,107804.66128905206,27.526639960652496,69.4922258432667,95.7237873144018,6.313314458766111,6.058855947706755,38.264644761602334,100.0,1.9542829913070743,7.508238774678663,2.21226245470076,4.1588830833596715,7.5925016379906545,328.3362016120855,3.350838386142949,4.255502432011135,0.010446724143033864,1.9896965853323594,6.185842283925637,11.588085452674116,6.340359303727752
25,Woodbridge (NJCL),NJCL,1719.0,1,158,WOODBRIDGE,40.55661,-74.277751,9.909090909090908,42.0,39.589764,503,WOODBRIDGE,1791.4124439036732,87867.55823193258,22.81697203058242,70.87598234106085,94.48657079663845,5.513429203361554,8.053864873423137,38.7027537517134,19.936620731892152,2.2031917243854013,7.450079569807499,2.3895964699836756,3.7612001156935624,7.491317725480877,296.42462487440645,3.170398437063603,4.274942166378007,0.010583514583805565,1.8738660768804067,6.221153731560843,11.383597320388196,6.222576268071369
26,Ridgewood (MLBC),MLBC,1705.0,0,131,RIDGEWOOD,40.980629,-74.120592,12.045454545454543,45.0,34.439876,105,RIDGEWOOD,1760.7089633248002,188586.08282199485,39.50496646964088,66.15849884171735,95.16780070448183,3.918647832069437,20.2866731987856,41.35972018555942,100.0,3.05808120548282,7.441906728051625,2.568439762401305,3.828641396489095,7.4740396188039,434.26499147639663,3.7014245954742084,4.207055479989867,0.010507755696753282,1.5930336618510939,6.4311523217507,12.147315157026814,4.663439094112067
27,Short Hills (M&E),M&E,1628.0,1,136,SHORT HILLS,40.725249,-74.323754,10.454545454545457,54.0,33.79614,335,SHORT HILLS,1495.7414331507832,209003.7244550082,32.93935984624843,67.22481395022525,95.83360985899324,5.765515419593765,28.047870992669974,39.56832245247842,9.308685840180281,3.368945192924466,7.395721608602045,2.4383866341531077,4.007333185232471,7.311045646155063,457.16925143212353,3.5245753982919754,4.222808339587756,0.010434752499372304,1.9118384478696209,6.2903356390957725,12.250112135739345,5.817111159963204
28,Chatham (M&E),M&E,1611.0,1,27,CHATHAM,40.740137,-74.384812,8.181818181818182,49.0,42.325642,402,CHATHAM,956.509267674159,219285.40494747815,35.43602307149292,65.39210948470799,95.67175395865608,4.522895584991503,19.616020091601705,42.08295300427418,43.333333333333336,3.0260684479131177,7.385230923066573,2.217225244042889,3.912023005428146,6.864335400041024,468.27919550998433,3.5955579300883382,4.195578216359554,0.010452405842085255,1.7089022852526523,6.487137504652894,12.298133939540781,5.998936561946683
29,Radburn (MLBC),MLBC,1592.0,0,126,RADBURN,40.939914,-74.121617,5.954545454545454,37.0,29.77279,321,RADBURN,2482.802602400292,132665.44658425622,30.47246398975107,68.92718973219914,95.730797664799,6.751320997679191,14.734317906327725,45.50565076667886,18.606808469009252,2.7558441807574456,7.373374309910049,1.9393954680341194,3.6375861597263857,7.817545972262917,364.2326819277153,3.4491130044762284,4.247454554038522,0.010445959131161697,2.047863280153525,6.7457876313058405,11.795593336684448,5.7745515455444085
30,Bloomfield (M-B),M-B,1537.0,1,19,BLOOMFIELD,40.792709,-74.200043,6.681818181818182,31.0,23.174496,644,BLOOMFIELD,3781.7359480359232,111990.75689123756,32.3477876294704,72.93689384660455,93.76119285154628,7.61321192858015,23.58479359037246,39.42179705717368,41.333333333333336,3.2021281050740296,7.338238150065589,2.0388562615647574,3.4657359027997265,8.238202822576495,334.6502007936609,3.5069914322142592,4.303211943518756,0.010665393320916013,2.1532972951678713,6.2786779704945594,11.6261805483833,6.4692503167957724
31,Madison (M&E),M&E,1536.0,1,77,MADISON,40.757028,-74.415105,8.181818181818182,54.0,45.544322,413,MADISON,1490.6998489689213,169218.56783978277,38.07677857295573,67.03618263783152,94.20057790691736,6.437717360623124,13.294141820217416,41.75918789408805,83.33333333333334,2.6598497904092238,7.337587743538596,2.217225244042889,4.007333185232471,7.307671586912257,411.3618453864952,3.6655283921739357,4.2200396612775375,0.010615646126801178,2.0065639954024386,6.462134933138432,12.038952368638704,6.025865973825314
32,Cranford (RVL),RVL,1500.0,0,32,CRANFORD,40.655523,-74.303226,6.0,51.0,31.38213,454,CRANFORD,1908.445842019568,133431.4764395292,33.53294950200242,68.03082807106138,94.781722817695,6.488670264427648,16.519710776927816,44.3918115842403,88.66666666666667,2.8633265772057634,7.313886831633462,1.9459101490553132,3.9512437185814275,7.554568343875065,365.2827349321744,3.5419139262886232,4.234553188457738,0.010550557325523818,2.0133912469785957,6.662718032773134,11.801350834404818,6.12029741895095
33,Union (RVL),RVL,1470.0,0,38105,UNION,40.683663,-74.238605,5.954545454545454,41.0,24.94477,412,UNION,1993.870837385719,117230.25657785696,26.575713796977297,64.08879239678208,94.82803321951528,5.892936051693276,8.33251490267337,40.93429925654195,20.0,2.2335045286629076,7.293697720601438,1.9393954680341194,3.7376696182833684,7.5983345840629815,342.38904272458393,3.3169354504610133,4.175752374589669,0.010545404834930222,1.9304971265782052,6.39799181435409,11.671903814918748,6.023447592961033
34,Jersey Ave. (NEC),NEC,1417.0,1,32906,JERSEY AVE.,40.476912,-74.467363,3.095238095238096,65.0,55.844098,1384,JERSEY AVE.,1191.5234324234132,51062.95190477217,12.674956967783498,68.7037330238125,85.9251515299269,14.074848470073116,10.923693294319396,30.854465323043588,11.971831436396512,2.47852745377413,7.257002707092073,1.4098248585300848,4.189654742026425,7.083826872400396,225.97113068879435,2.6155662015230936,4.244253874780088,0.011638035920736313,2.7130276908262867,5.554679587792943,10.84083408507371,7.233455418621439
35,Glen Ridge (M-B),M-B,1410.0,1,50,GLEN RIDGE,40.80059,-74.204655,6.681818181818182,34.0,23.979166,0,GLEN RIDGE,3390.8990639304307,140214.16661449286,37.45724575510626,73.72841649055495,94.78649470417068,6.948683454221482,23.861040767520315,38.185867042492674,28.000000000000004,3.2133019503518723,7.252053951852814,2.0388562615647574,3.5553480614894135,8.129145239373061,374.45182148641345,3.649547124364517,4.313860427975353,0.010550026173253976,2.0730063117099284,6.17947142096253,11.850933426151826,0.0
36,Orange (M&E),M&E,1401.0,1,112,ORANGE,40.771883,-74.233103,10.363636363636363,40.0,23.013562,104,ORANGE,5632.556920062156,50740.34974456479,14.62706009936584,63.61802643971691,93.01775947740096,9.129289784817422,27.70836510196899,37.63946037081039,15.929578590991278,3.3571885472648915,7.2456550675945355,2.4304184645039304,3.713572066704308,8.636496301407291,225.25618691739587,2.7490040332909116,4.16849341891661,0.010750635207924504,2.31543120571564,6.135100681391496,10.834496433993097,4.653960350157523
37,Bay Street (M-B),M-B,1396.0,1,14,BAY STREET,40.808178,-74.208681,6.954545454545454,38.0,25.105704,240,BAY STREET,3181.718575174438,164319.0127895797,39.807069194467,71.57139117285024,96.23693875561209,5.271306341850612,28.0849391415302,36.33462373016269,48.0,3.3702204849256105,7.242082359256962,2.073743520565198,3.6635616461296463,8.065491008410783,405.36281623945194,3.7088553309718133,4.284570783188295,0.01039102046397631,1.8359846809259563,6.027820811052921,12.009571102995753,5.484796933490655
38,Rutherford (MLBC),MLBC,1369.0,0,134,RUTHERFORD,40.828248,-74.100563,5.636363636363637,26.0,16.89807,235,RUTHERFORD,1462.7872220085137,99377.31864930235,32.568245155070926,63.64866065306517,98.63133080309994,5.834219047166079,18.18602659749981,37.52264304351304,93.33333333333333,2.954182232692085,7.222566018822171,1.8925641683500207,3.295836866004329,7.288782343800234,315.2416829185226,3.513580535424555,4.168967388113326,0.010138766169507776,1.92194220573519,6.12557287472062,11.506689246612131,5.4638318050256105
39,Middletown NJ,NJCL,1262.0,1,85,MIDDLETOWN NJ,40.38978,-74.116131,9.0,83.0,66.626676,1588,MIDDLETOWN NJ,564.5181343635089,129187.92759492568,36.09923700863035,62.03001642281637,93.38923018296276,7.310871115702743,17.203802834954924,46.85333246086355,4.656103455315358,2.901630519231916,7.141245122350491,2.302585092994046,4.430816798843313,6.337742362881993,359.4272215552485,3.6135964035967985,4.1436110640805355,0.010707872824744974,2.117564430774401,6.844949412586155,11.76903116692853,7.370860166536716
40,Walnut Street (M-B),M-B,1208.0,1,152,WALNUT STREET,40.817218,-74.20963,4.818181818181818,41.0,26.232242,199,WALNUT STREET,3361.858336620926,167691.00606726797,37.40968947128595,71.88685654868026,94.55958208811036,5.659131596557828,27.61648151691633,37.21046361498519,75.33333333333333,3.3539828286573448,7.097548850614793,1.7609878105613013,3.7376696182833684,8.120546586743874,409.5009231580168,3.648309757745231,4.288908328502862,0.010575342846462697,1.8959890851434313,6.100038001109927,12.029884278620688,5.298317366548036
41,Glen Rock Main Line (MLBC),MLBC,1157.0,0,52,GLEN ROCK MAIN LINE,40.962206,-74.133485,5.590909090909091,59.0,33.957074,198,GLEN ROCK MAIN LINE,1688.4950526987698,181752.6175963601,33.84436727579687,68.55823915433697,95.41406837323404,3.811998996097653,21.95851537744848,41.45252554964912,24.0,3.1336889080997814,7.05444965813294,1.8856912890622586,4.0943445622221,7.432184977886529,426.3245449142708,3.5508914964761393,4.242164375110716,0.010480634743382605,1.5711125894876503,6.43836357700069,12.110407299441752,5.293304824724492
42,Fanwood (RVL),RVL,1087.0,0,44,FANWOOD,40.64106,-74.385003,5.954545454545454,59.0,38.463226,415,FANWOOD,1877.7934197377692,134403.98569538194,32.82341881058797,70.32431690915746,95.34437930549964,7.080614680933357,11.735501814115826,41.966598095581055,19.933099661441712,2.544393511982992,6.992096427415888,1.9393954680341194,4.0943445622221,7.538385051771663,366.6114914939,3.521153426787954,4.267237319895027,0.0104882952438741,2.089467944012436,6.478163172966628,11.80861280233093,6.030685260261263
43,Red Bank (NJCL),NJCL,1068.0,1,130,RED BANK,40.348284,-74.074538,9.0,89.0,72.581234,473,RED BANK,1437.7734020402418,138033.52412004262,30.05204730501226,69.95215799618647,92.8644029150224,8.694968817208924,13.997626961837554,45.72113587795954,44.0,2.7078919860427044,6.974478911025045,2.302585092994046,4.499809670330265,7.271546225440034,371.5286316288997,3.435664741955009,4.262005818875518,0.010768388840178856,2.2716070723107857,6.761740595287543,11.835259107633767,6.161207321695077
44,Long Branch (NJCL),NJCL,1050.0,1,74,LONG BRANCH,40.297145,-73.988331,12.681818181818182,100.0,81.915406,331,LONG BRANCH,2770.444999026088,58107.74038503409,14.642645610956238,63.77712466652218,91.25361741693334,9.268911444616675,6.386627485210736,40.40197891104302,32.60328739855882,1.9996712688481781,6.957497370876951,2.6160678113905598,4.61512051684126,7.927124123462179,241.05547159322913,2.7500008775225386,4.1709525266284535,0.010958469683793999,2.329121024614526,6.356255101161612,10.970071368445195,5.805134968916488
45,South Amboy (NJCL),NJCL,1036.0,1,139,SOUTH AMBOY,40.484308,-74.28014,9.863636363636363,53.0,48.119266,544,SOUTH AMBOY,1781.1212157033788,79105.96784813375,15.113655970669845,72.01040797615053,95.86317063141402,5.951097432901581,8.278431198505421,45.07406032047546,18.666666666666668,2.227692480622037,6.9440872082295275,2.385421098573195,3.9889840465642745,7.48555962799758,281.25783162097684,2.7796671094106906,4.290602006001301,0.010431534794993558,1.93889955112579,6.713721793496917,11.27855623898022,6.300785794663244
46,Convent (M&E),M&E,1035.0,1,30,CONVENT,40.779038,-74.443435,8.136363636363637,58.0,49.245804,590,CONVENT,234.656677630742,148368.95770916136,38.87309116106295,60.29531269736668,93.4063505893666,9.523603862535914,13.664639143786154,42.46233653671695,13.964789295495638,2.685439095497696,6.943122422819428,2.21226245470076,4.07753744390572,5.462375990039087,385.18691269195705,3.685701689390222,4.115703375049023,0.010705910183732629,2.3536207211294102,6.516313109168171,11.90746414790848,6.3818160174060985
47,Dover (M&E),M&E,983.0,1,35,DOVER,40.883415,-74.555887,9.181818181818182,83.0,69.684422,861,DOVER,2724.178503930183,67543.20891400604,11.39113261627871,70.71467429650957,95.04001125164498,4.959988748355028,6.010311271762716,37.06669053325554,11.94718394324346,1.9473821040211166,6.891625897052253,2.320603598496724,4.430816798843313,7.910289210981343,259.8907634257248,2.5169811052063067,4.272695389098961,0.010521884276215211,1.7850685932155816,6.088241990365982,11.120537609350682,6.759255270663693
48,Lyndhurst (MLBC),MLBC,929.0,0,75,LYNDHURST,40.816473,-74.124164,5.727272727272728,32.0,15.771532,497,LYNDHURST,3066.6839709667606,105954.64170551124,28.54184688114804,69.61796753652192,95.01267543304174,6.102333363640388,17.387666753905005,42.51994816501776,9.975352506846948,2.9116801547595816,6.835184586147301,1.9061698204057993,3.4965075614664802,8.028678149021976,325.5067460215091,3.3858077965147326,4.257284609804601,0.010524911496726875,1.9604233728223166,6.520732180132669,11.570775811033016,6.210600077024653
49,Roselle Park (RVL),RVL,908.0,0,31,ROSELLE PARK,40.66715,-74.266323,5.954545454545454,45.0,27.841582,190,ROSELLE PARK,2764.2999443067965,84465.95050107749,23.86088813027709,66.28632466526638,96.71269606526003,3.6333627015538825,8.641618426507257,38.72755380820608,19.266432994775045,2.2660889810982248,6.812345094177479,1.9393954680341194,3.828641396489095,7.924904387026652,290.6302642552518,3.213295810717043,4.20895701637827,0.010339904073455026,1.533282889913315,6.223146616319278,11.344115618508098,5.25227342804663
50,Dunellen (RVL),RVL,904.0,0,36,DUNELLEN,40.590869,-74.463043,5.954545454545454,65.0,47.314596,368,DUNELLEN,1655.66969618929,76259.77473304552,21.9368761084775,69.96366175859075,92.2591435453697,9.210686959030085,8.370996252907773,41.67047686608499,13.333333333333334,2.237619414281162,6.807934943699926,1.9393954680341194,4.189654742026425,7.412564659106581,276.1517241174596,3.1327459258144637,4.262167939806776,0.010839034068295207,2.323434912874008,6.455267373710015,11.241913992460994,5.910796644040527
51,Clifton (MLBC),MLBC,873.0,0,29,CLIFTON,40.867998,-74.153206,5.478260869565218,45.0,22.208892,437,CLIFTON,3557.86663675927,99375.84426790102,22.593920916546374,65.27113014569983,95.2182172581388,7.044031372362716,10.68154426662247,46.95964287704839,18.666666666666668,2.458010183268588,6.773080375655535,1.8684520900163095,3.828641396489095,8.177197412697748,315.2393444161135,3.1609890905680715,4.193754359609467,0.010502192004802787,2.0849303719976184,6.852710622596608,11.506674410455124,6.082218910376446
52,Hazlet (NJCL),NJCL,855.0,1,59,HAZLET,40.415385,-74.190393,9.0,77.0,59.706514,589,HAZLET,889.3307598748088,111410.12237294264,33.69203557636487,61.25392090594493,95.40990285501584,5.2487386114216354,13.211384586389498,48.82928202460268,16.620892750810995,2.6540433748281216,6.752270376141742,2.302585092994046,4.356708826689592,6.791593033993805,333.78154888031577,3.54651013831358,4.1312215198021365,0.010481092319311889,1.8323796212069365,6.987795219137627,11.62098244325935,6.380122536899765
53,RAMSEY ROUTE 17 STATION (MLBC),MLBC,834.0,0,38417,RAMSEY ROUTE 17 STATION,41.07513,-74.145485,8.0,45.0,46.027124,1221,RAMSEY ROUTE 17 STATION,1149.980188775933,124547.69284766963,43.095105703855324,64.63576841346014,94.70049240864012,5.299507591359888,9.313905608900283,45.76933860467683,22.599766328108377,2.3334930438417163,6.727431724850855,2.1972245773362196,3.828641396489095,7.048369196389506,352.9131519902165,3.7863487945218797,4.184120797560347,0.010559607184352547,1.8404714702412222,6.765304028990629,11.732452025634608,7.108244139731541
54,Princeton (NEC),NEC,814.0,1,124,PRINCETON,40.342088,-74.65887,10.590909090909092,67.0,82.39820800000001,247,PRINCETON,1213.5730509600098,90957.93258841592,26.74101306264729,57.69363451739933,94.65295159423202,5.425523945720195,15.996406269759165,30.886050427326747,16.0,2.833001925812434,6.703188113240863,2.45022109180011,4.219507705176107,7.102147895632945,301.5923284641304,3.322911934142246,4.072331280023743,0.010564910899840742,1.8602781754284432,5.5575219682270935,11.418163393399713,5.5134287461649825
55,Watchung Avenue (M-B),M-B,802.0,1,153,WATCHUNG AVENUE,40.829514,-74.206934,4.652173913043479,44.0,27.519714,93,WATCHUNG AVENUE,2267.5117549262536,176504.27495615205,36.663300908111054,67.75378607123749,96.04216041748704,4.435881470487307,27.80517567853425,41.63664758238848,20.620892750810995,3.360555082056019,6.688354713946762,1.732040234526433,3.8066624897703196,7.726879280896303,420.12411851279387,3.628686169629878,4.230531805157468,0.010412093976781507,1.6930216915050575,6.452646556443989,12.08110604134602,4.543294782270004
56,Perth Amboy (NJCL),NJCL,787.0,1,119,PERTH AMBOY,40.509398,-74.273752,9.272727272727272,47.0,45.06152,149,PERTH AMBOY,6295.326923712168,51080.37759178007,8.87772510495303,61.65917353746597,92.73814457986978,8.473892709681378,7.638523768564352,36.16753340981712,39.33333333333333,2.1562317080978444,6.669498089857879,2.3294925459139697,3.871201010907891,8.747721714370524,226.00968473005767,2.290282232712473,4.137710095801983,0.010783049461796814,2.2485398797257377,6.013944912436188,10.84117527908156,5.0106352940962555
57,Plainfield (RVL),RVL,764.0,0,120,PLAINFIELD,40.618425,-74.420163,5.782608695652174,66.0,42.486576,189,PLAINFIELD,4410.141696525281,69269.6426797345,13.855561157642356,72.41961895200332,92.20649037328656,7.793509626713435,8.692823507691761,34.01781114999587,25.92957859099128,2.2713857671214206,6.639875833826536,1.9143617913203874,4.204692619390966,8.39188882303612,263.1912663439547,2.6983742838754305,4.296191188079782,0.010845223540681613,2.1740139069470157,5.832478988388717,11.145776468867858,5.247024072160486
58,North Elizabeth (NEC),NEC,758.0,1,109,NORTH ELIZABETH,40.680265,-74.206165,8.0,27.0,23.33543,123,NORTH ELIZABETH,1691.9949736828637,71362.72925816521,7.776200329067683,34.75249758410701,97.65528133460836,8.616872338824429,13.71222256550878,36.51034398205066,19.27347513567592,2.6886786153488726,6.63200177739563,2.1972245773362196,3.332204510175204,7.434254413246781,267.1380340913012,2.172043549634423,3.5766201291922504,0.010240101572935686,2.2635190911100995,6.042379000199396,11.175545025672102,4.820281565605037
59,Little Silver (NJCL),NJCL,709.0,1,73,LITTLE SILVER,40.326715,-74.041054,8.608695652173912,93.0,76.282716,553,LITTLE SILVER,593.5341585042938,189216.29012073565,32.44753701531077,58.042107666335134,97.1562349218143,3.7732408866958274,9.13178685659216,44.68164691159025,8.64554024396405,2.3156776952612423,6.565264970035361,2.2626684855886032,4.543294782270004,6.387778172014772,434.9899885293174,3.509978152034007,4.078250878610565,0.010292700214296508,1.5630255053645143,6.684433178033142,12.150651316840673,6.317164686747284
61,Somerville (RVL),RVL,685.0,0,138,SOMERVILLE,40.566075,-74.61397,6.0,79.0,61.315854,581,SOMERVILLE,934.3115393452024,101557.57313686969,27.648333873144704,73.81202777410869,95.7890091786067,3.69617279980994,1.7560196064305773,40.36418507497085,42.0,1.0137874672155762,6.530877627725885,1.9459101490553132,4.382026634673881,6.840879670951485,318.6809896069574,3.35509528695469,4.314978671172739,0.010439611063680755,1.546747879082597,6.3532814415049215,11.528390986260188,6.366470447731438
62,Delawanna (MLBC),MLBC,645.0,0,33,DELAWANNA,40.831369,-74.131262,5.727272727272728,36.0,17.541806,138,DELAWANNA,1696.52878269989,113054.614038404,33.18727897940209,74.0153314648299,93.30843805119794,7.844853598730554,14.765102253611945,41.28168310569782,7.308685840180281,2.757798779091558,6.470799503782602,1.9061698204057993,3.6109179126442243,7.436928815224235,336.2359499494425,3.5318536152077984,4.31769251217655,0.010717144353561083,2.179835775607106,6.425082342328215,11.635635136255543,4.9344739331306915
63,Paterson (MLBC),MLBC,632.0,0,116,PATERSON,40.914887,-74.16733,5.590909090909091,51.0,27.841582,697,PATERSON,7560.067714711602,39995.77342862526,7.253289986373235,58.571706789720615,92.72907472052536,7.359974324771516,14.16198198162732,33.65056401797044,48.0,2.7187911092431754,6.450470422144176,1.8856912890622586,3.9512437185814275,8.930767691305974,199.98943329242488,2.1106119070795546,4.087180743063624,0.01078410415518416,2.1234553558923146,5.8009106197191525,10.596554065558166,6.548219102762372
64,Upper Montclair (M-B),M-B,619.0,1,150,UPPER MONTCLAIR,40.842004,-74.209368,4.681818181818182,47.0,28.96812,109,UPPER MONTCLAIR,1652.3573141542413,183884.9230972451,41.03410673710362,63.8394449036264,96.35179183638115,5.079592663463557,25.223204120456263,46.60580894792447,29.940141802342584,3.266644672259971,6.429719478039138,1.7372712839439852,3.871201010907891,7.410563235474449,428.81805360460874,3.7384813539059794,4.1719141358133465,0.010378634179405197,1.8049376975928717,6.826844728564176,12.12207086115494,4.700480365792417
65,Morris Plains (M&E),M&E,619.0,1,91,MORRIS PLAINS,40.828637,-74.478197,8.136363636363637,67.0,55.844098,245,MORRIS PLAINS,662.1439923116394,133235.4892419258,34.79319322054038,68.98950389759543,95.86624107908207,4.133758920917946,5.861776133235413,41.93470613577912,26.0,1.9259663197763344,6.429719478039138,2.21226245470076,4.219507705176107,6.49699214957887,365.01436854174085,3.57775774182453,4.24834528648652,0.010431200689042132,1.6358381239872326,6.47570120803756,11.799880942830525,5.5053315359323625
66,Passaic (MLBC),MLBC,617.0,0,115,PASSAIC,40.849411,-74.133933,5.727272727272728,40.0,19.633948,92,PASSAIC,5537.850511474805,86433.97664032139,20.98388254905059,61.59073979076162,92.31522605918164,8.563553216491444,14.247836424245277,33.47629551031405,21.2910804879281,2.7244376191683966,6.42648845745769,1.9061698204057993,3.713572066704308,8.619542269309065,293.99655889197305,3.090309573460647,4.136617340498675,0.010832449236043878,2.257959333374345,5.785870333002119,11.367147695099678,4.532599493153256
67,Plauderville (MLBC),MLBC,597.0,0,121,PLAUDERVILLE,40.884916,-74.102695,5.590909090909091,36.0,23.33543,260,PLAUDERVILLE,4079.613282716906,78367.96389377106,19.097188136993672,64.5194788636236,96.07919027928882,4.666537792253696,10.101844548300985,41.49051521581743,9.312206910630715,2.407111270035277,6.393590753950631,1.8856912890622586,3.6109179126442243,8.31400257049353,279.94278682218453,3.0005799115970895,4.182347485661284,0.01040808105369268,1.7345783125860255,6.441313159272528,11.269183259259899,5.564520407322694
69,MSU (M-B),M-B,583.0,1,38081,MSU,40.869782,-74.197439,4.954545454545454,56.0,32.1868,1535,MSU,1362.7437604098484,116816.44171323624,33.6867654766895,62.15636304344657,95.22991311072424,6.658604994614554,7.45140779149789,47.21700293728267,26.0,2.1343330300365486,6.369900982828227,1.7841548698428356,4.04305126783455,7.217988961818646,341.78420342847363,3.546358215835661,4.145613604503475,0.010500902157049073,2.035829851581876,6.871462940108363,11.6683676679643,7.336936913707618
70,Kingsland (MLBC),MLBC,583.0,0,66,KINGSLAND,40.810121,-74.117334,5.727272727272728,28.0,14.805927999999998,19,KINGSLAND,1532.432329689753,102679.05040070535,32.80127157865015,76.7944468459128,95.5615596221859,5.813911975133059,26.340925157756388,37.695679393912656,22.610329539459688,3.3083846697048576,6.369900982828227,1.9061698204057993,3.367295829986474,7.335263854566129,320.43571960801336,3.5204984224514564,4.354070051334973,0.010464458763059332,1.9189664009183303,6.139680724102244,11.539373125837171,2.995732273553991
71,Raritan (RVL),RVL,577.0,0,129,RARITAN,40.571005,-74.634364,6.0,82.0,63.086128,283,RARITAN,577.6115557294952,108934.2903756073,24.40552383036199,74.16132501668791,96.66892858968636,3.3331037996150825,4.149712545467538,41.31640130336713,36.0,1.6389408967037804,6.359573868672378,1.9459101490553132,4.418840607796598,6.360631364222128,330.0519510253004,3.234966624016826,4.319636803669912,0.010344585531143358,1.4662840980709069,6.427783545155136,11.598509318642849,5.648974238161206
72,Murray Hill (GLAD),GLAD,572.0,0,99,MURRAY HILL,40.695068,-74.403134,5.863636363636363,56.0,42.003774,214,MURRAY HILL,925.163059069986,166016.15758908412,33.851936640364585,62.62617015497851,94.37333931173828,6.014261524141961,17.065571109659732,42.546808891271866,22.0,2.8940079782521,6.35088571671474,1.9262373834566084,4.04305126783455,6.831050308852615,407.4508038881309,3.551108706404705,4.153024866135413,0.010596212948412844,1.9479454370425495,6.522791495308727,12.019846420967896,5.3706380281276624
73,Bound Brook (RVL),RVL,571.0,0,21,BOUND BROOK,40.560929,-74.530617,5.954545454545454,71.0,53.91289,282,BOUND BROOK,1388.0014272007431,99383.93523856672,27.080876139108486,70.00443062393549,95.56978013328852,4.805608698919384,5.45597485176035,40.06359523399164,43.333333333333336,1.8650060356317384,6.349138991379798,1.9393954680341194,4.276666119016055,7.23634037025615,315.25217721463355,3.335088780206055,4.26274227824834,0.010463558654266314,1.7588244673476554,6.3295809682783615,11.50675582420268,5.645446897643238
74,RAMSEY (MLBC),MLBC,559.0,0,128,RAMSEY,41.056422,-74.141877,6.818181818181818,67.0,43.613114,527,RAMSEY,1046.5531982672755,157826.20578554817,45.99193421383495,66.30321704889859,97.7507290664916,3.5629657433676694,14.303589147521974,44.61247812079322,11.291080487928099,2.7280873856930343,6.327936783729195,2.056452023455137,4.219507705176107,6.954212436442077,397.2734647387718,3.8499759745113566,4.209208037126328,0.010230102727108911,1.5179727944368453,6.679257303083421,11.969256079286097,6.269096283706261
75,New Providence (GLAD),GLAD,556.0,0,104,NEW PROVIDENCE,40.712022,-74.386501,5.863636363636363,53.0,39.42883,114,NEW PROVIDENCE,1599.108391910387,162530.43374961315,41.965624823121374,71.15988681804379,95.51192618881512,6.939044005741039,21.694358499016065,41.30572449684524,1.326291192432461,3.1221163693276623,6.322565239927284,1.9262373834566084,3.9889840465642745,7.377826650877279,403.1506340682266,3.760400373266714,4.278884307267049,0.010469896691467882,2.0717928657104885,6.426952971420068,11.99862670050428,4.74493212836325
76,River Edge (Pascack),Pascack,544.0,0,132,RIVER EDGE,40.935146,-74.02914,3.4545454545454546,40.0,29.611856,101,RIVER EDGE,2275.426948454286,132701.71976884236,36.23802207946312,68.23769411582056,94.77896156125716,5.903846245176941,12.71554070165722,43.576885894440245,7.308685840180281,2.6185295477216233,6.300785794663244,1.4939250253122562,3.713572066704308,7.73036236484827,364.2824724974321,3.61733033820196,4.237545426977904,0.01055086470169526,1.9320786831358234,6.601279110478533,11.795866715730781,4.624972813284271
77,New Bridge Landing (Pascack),Pascack,536.0,0,110,NEW BRIDGE LANDING,40.910856,-74.035044,3.590909090909091,41.0,26.875978,281,NEW BRIDGE LANDING,1788.4941821107134,130148.18341840428,36.75098273108187,68.26413160316986,94.0558234133868,6.991707702808793,13.640509684450093,44.66439596734645,29.333333333333332,2.683792322438773,6.285998094508865,1.5240780634829436,3.7376696182833684,7.489688279075182,360.76056244884126,3.6310115079676315,4.237927190720485,0.010631983897529429,2.078404466954794,6.6831426714792235,11.77643663624555,5.641907070938114
78,Asbury Park (NJCL),NJCL,514.0,0,8,ASBURY PARK,40.215359,-74.014786,4.545454545454546,105.0,91.410512,38,ASBURY PARK,3513.9581587466923,63138.87594326836,23.969447331597447,70.39605472542794,93.84824276950415,8.252042009940771,7.62530654417592,41.37036176781605,87.33333333333333,2.1547005036395745,6.244166900663736,1.7129785913749407,4.663439094112067,8.164782900545664,251.27450316987665,3.2176529707506796,4.268242611872485,0.010655500523926149,2.224844284992344,6.431979615003148,11.053107797321777,3.6635616461296463
79,Hawthorne (MLBC),MLBC,511.0,0,58,HAWTHORNE,40.942539,-74.152411,5.590909090909091,56.0,31.221196,128,HAWTHORNE,2540.7778670016914,103813.64754511473,25.72903018260548,71.64891552208655,96.13760282443226,4.983941762724447,8.901635850551287,36.261983353389454,24.666666666666668,2.2926999809197666,6.238324625039508,1.8856912890622586,4.04305126783455,7.8406190628019425,322.2012531712357,3.285750247510035,4.2856384624731705,0.010401757175350138,1.789079508459786,6.021792370498127,11.550362352909795,4.859812404361672
80,Hohokus (MLBC),MLBC,502.0,0,64,HOHOKUS,40.997369,-74.113521,10.227272727272728,48.0,36.532018,203,HOHOKUS,1657.0442517576112,189907.46711877745,41.23758441022668,68.75173691402684,96.3006211202513,3.8011633113193546,23.086963275007097,43.06432298741745,39.33333333333333,3.1816707511884257,6.220590170099739,2.4183458832696614,3.8918202981106265,7.413394025180817,435.78373893340427,3.7433104505048616,4.244942322384642,0.010384149015521848,1.5688582450751125,6.56234127331225,12.154297483056409,5.318119993844216
81,Waldwick (MLBC),MLBC,493.0,0,151,WALDWICK,41.012734,-74.123412,10.227272727272728,52.0,38.463226,195,WALDWICK,1559.9572619084208,149775.72801076373,38.78925708892825,68.59406196863185,96.7793445105242,3.220655489475803,18.698128367932718,41.292537020081205,44.0,2.980523624526597,6.202535517187923,2.4183458832696614,3.970291913552122,7.353054541478503,387.00869242274615,3.68359695346605,4.2426792471580645,0.010332783354316434,1.439990445245249,6.425926938588798,11.916900984263396,5.278114659230517
82,Netherwood (RVL),RVL,490.0,0,102,NETHERWOOD,40.629148,-74.403455,5.954545454545454,63.0,40.555368,158,NETHERWOOD,2405.207015862707,98662.97481397088,25.387294766308653,69.86827582871284,93.94433311574096,6.734511277799674,11.734096816252228,40.21698498502876,11.30164369927941,2.5442831845384637,6.19644412779452,1.9393954680341194,4.1588830833596715,7.7858069343389635,314.1066296880263,3.272882635458116,4.26082288387817,0.010644601614958334,2.0456922988097097,6.341686288758595,11.499475161975084,5.0689042022202315
84,Denville (M&E),M&E,477.0,1,34,DENVILLE,40.8839,-74.481513,9.318181818181818,76.0,62.925194000000005,237,DENVILLE,681.1692486927956,136188.40495855102,35.24718651324613,68.79025506686733,95.17671817885336,5.467033342200744,4.323325373965907,46.84358253080661,9.30164369927941,1.6720981783728295,6.169610732491456,2.333907564123087,4.343805421853684,6.525277792294266,369.0371322218823,3.590361764860913,4.245494387799102,0.010506771184533055,1.8667174781958291,6.844237176691542,11.821801879352716,5.472270673671475
85,Berkeley Heights (GLAD),GLAD,471.0,0,17,BERKELEY HEIGHTS,40.682345,-74.442649,5.863636363636363,66.0,45.86619,219,BERKELEY HEIGHTS,449.9443925619194,156044.4230110141,32.47879023906611,62.894104065809074,90.53742344536614,9.753605577362029,10.067071230471976,44.57980127309877,15.957747154594765,2.4039741435565025,6.156978985585555,1.9262373834566084,4.204692619390966,6.1113440338119736,395.0245853247796,3.510912111129307,4.157227088985819,0.011045156377831312,2.375241100884117,6.67681071119279,11.957902416996527,5.393627546352362
86,East Orange (M&E),M&E,455.0,0,37,EAST ORANGE,40.760977,-74.210464,7.636363636363637,27.0,22.047958,53,EAST ORANGE,7233.560051024603,46417.27880593208,13.93970773319472,66.38212745688612,87.79135612990224,13.44009650564688,24.437584466154338,35.09082668257832,18.666666666666668,3.2362277837340807,6.1224928095143865,2.1559816188021705,3.332204510175204,8.88662482878884,215.4466959735797,2.7040226168088157,4.210379811491328,0.011390643043722094,2.6700088166588904,5.923751065210144,10.745448600423462,3.9889840465642745
87,Westwood (Pascack),Pascack,451.0,0,156,WESTWOOD,40.990817,-74.032696,3.4545454545454546,51.0,36.371084,220,WESTWOOD,2080.2659414125487,123729.07843397284,34.65600731709555,71.65976360116998,97.9637939143666,2.9718177101809897,8.918207782288638,44.14896588585162,46.0,2.2943722378665132,6.113682179832232,1.4939250253122562,3.9512437185814275,7.640731613236981,351.75144411071415,3.5739176408578177,4.285787773294369,0.010207852922418797,1.37922385141905,6.644468818938924,11.725857685120152,5.3981627015177525
88,WATSESSING AVENUE (M-B),M-B,434.0,1,154,WATSESSING AVENUE,40.782743,-74.198451,5.863636363636363,29.0,22.047958,59,WATSESSING AVENUE,4530.918868156759,72546.35148490986,22.507832834877743,70.18059673570977,92.59717682196006,8.572181805828105,19.19229844586188,36.88309726041693,16.627934891711867,3.005301266650816,6.075346031088684,1.9262373834566084,3.4011973816621555,8.418900719992235,269.3442991505665,3.157333677736425,4.265220263521333,0.010799465321958315,2.258861163370569,6.07314558202065,11.191994751579946,4.0943445622221
89,Allendale (MLBC),MLBC,423.0,0,3,ALLENDALE,41.030902,-74.130957,6.681818181818182,63.0,40.555368,251,ALLENDALE,880.7849404820388,164338.34210014218,43.215384851296726,61.116557251288135,96.11210508200963,4.3741182247672254,16.491195160991992,44.70743194502343,29.280517276576795,2.861697620657658,6.049733455231958,2.0388562615647574,4.1588830833596715,6.781948194622004,405.3866575260491,3.789072802078854,4.129012575805993,0.01040451667505076,1.681594509349758,6.686361637319913,12.00968872819216,5.529429087511423
90,Anderson Street (Pascack),Pascack,417.0,0,5,ANDERSON STREET,40.894458,-74.043781,3.5454545454545454,38.0,24.783836,50,ANDERSON STREET,3668.155833932832,82780.83044679077,29.625835581974016,70.40366230192299,96.22606877187584,4.172475732373519,20.137828519182133,40.04783811367907,36.0,3.051064256111357,6.035481432524756,1.5141277326297755,3.6635616461296463,8.207716896588465,287.71658006932927,3.421843952802037,4.268349160774131,0.0103921942646406,1.64335143896363,6.3283361252132515,11.32396387724466,3.9318256327243257
91,Oradell (Pascack),Pascack,401.0,0,111,ORADELL,40.953478,-74.029983,3.4545454545454546,47.0,31.703998,304,ORADELL,1137.4191343824796,178941.6375376217,40.872256263252325,63.95188124061921,96.47776826106757,4.0928764946149085,15.58709430451539,43.8829682562108,10.638498103063178,2.8086249414551054,5.996452088619021,1.4939250253122562,3.871201010907891,7.037395854770789,423.01493772397885,3.7346234659269797,4.173646707140861,0.010365082215563001,1.627842797581906,6.624422107339688,12.094820572780717,5.720311776607412
92,Hillsdale (Pascack),Pascack,398.0,0,62,HILLSDALE,41.002414,-74.041033,3.619047619047619,50.0,37.497622,261,HILLSDALE,1664.409847015126,141877.18004036832,31.309095424599704,69.01317886540947,96.58626968504062,3.5919112851856263,8.408367576090878,44.1293250948494,13.964789295495638,2.2415994609809267,5.988961416889864,1.5301885407799598,3.9318256327243257,7.4178265264869685,376.66587320909275,3.475348782681869,4.248683493834729,0.010353438467609449,1.5242963394024254,6.642990673999882,11.862724081348057,5.568344503761097
93,Lyons (GLAD),GLAD,385.0,0,76,LYONS,40.684844,-74.54947,5.863636363636363,79.0,55.52223,331,LYONS,519.8190801649409,219767.86854251308,34.2671686192743,57.51237830825144,94.75027284436304,5.249727155636952,9.232641102135698,47.53393085523481,7.985915718198255,2.325582718894593,5.955837369464831,1.9262373834566084,4.382026634673881,6.255402726484675,468.7940577081935,3.5629524637155083,4.0692383268675885,0.010554059318041244,1.832537807697311,6.894485539562384,12.30033167553604,5.805134968916488
94,Montclair Heights (M-B),M-B,350.0,1,89,MONTCLAIR HEIGHTS,40.857536,-74.2025,4.904761904761905,52.0,30.738394000000003,63,MONTCLAIR HEIGHTS,1326.657668322451,168360.5568297738,39.42600683572914,64.531718806726,96.07425270082668,5.01508567499526,16.37285854454742,43.22831716208691,20.613850609910127,2.854909134620364,5.860786223465865,1.7757591278816138,3.970291913552122,7.1911715169277635,410.31762919691107,3.6994733114171865,4.18253428201806,0.010408615959928206,1.7942705928821878,6.574824496675703,12.033869069870583,4.1588830833596715
95,Essex Street (Pascack),Pascack,349.0,0,43,ESSEX STREET,40.878973,-74.051893,3.5,35.0,23.013562,214,ESSEX STREET,2854.293476391899,69342.09335585205,19.90920677274296,68.20803557677976,95.66062012402892,4.4764279772461055,14.537705466491223,38.18502168422421,18.666666666666668,2.743269680658725,5.857933154483459,1.5040773967762742,3.58351893845611,7.956929910639726,263.32886920323045,3.0401895774145697,4.2371169769338275,0.010453622386133902,1.7004530594573708,6.179403020051711,11.1468218296638,5.3706380281276624
96,Bridgewater (RVL),RVL,346.0,0,24,BRIDGEWATER,40.559904,-74.551741,5.909090909090909,74.0,55.844098,467,BRIDGEWATER,858.5028006195221,65500.15176191936,18.17134289683277,78.7305281213188,96.95081228704235,3.049187712957653,4.523503724404342,38.73268535366165,7.964789295495639,1.7090123916133622,5.849324779946859,1.9328380674879606,4.31748811353631,6.756354083246358,255.92997433266655,2.9534166066036494,4.378652550364519,0.010314508732936647,1.3985162963008442,6.223558897741842,11.089823005620184,6.148468295917647
97,Mountain Station (M&E),M&E,333.0,0,97,MOUNTAIN STATION,40.755365,-74.253024,6.090909090909091,39.0,27.35878,88,MOUNTAIN STATION,2299.667418326104,148580.37138920158,30.63278019372607,68.52480372960034,94.3306582377522,7.281725644003997,36.446752623550665,41.3374735159361,17.294601558378535,3.6229199938817533,5.811140992976701,1.9588135538912212,3.6888794541139363,7.740954541703537,385.46124498994914,3.4541939308220586,4.241683577096991,0.01060100733612594,2.1140513577941835,6.429422486968491,11.908888042634944,4.48863636973214
98,Broadway (MLBC),MLBC,317.0,0,25,BROADWAY,40.922505,-74.115236,5.590909090909091,36.0,27.0,80,BROADWAY,3012.820369344677,108821.99110685124,31.80247807690497,66.73177175403785,94.66556087903771,8.666886608191575,12.983512091404869,42.56640559803683,21.333333333333336,2.63787892781571,5.762051382780177,1.8856912890622586,3.6109179126442243,8.010963778652792,329.8817835329063,3.490504063661407,4.215555371958017,0.010563503672447318,2.268706293631071,6.5242934941675355,11.597477906400366,4.394449154672439
100,Wood-Ridge (Pascack),Pascack,305.0,0,160,WOOD-RIDGE,40.843974,-74.078719,3.5454545454545454,28.0,18.668344,130,WOOD-RIDGE,763.0134087891917,73017.72938324428,16.207852989196528,66.35784540521232,98.02283903568612,4.495545202085057,9.305228564952795,36.31198554768482,32.666666666666664,2.332651394101573,5.723585101952381,1.5141277326297755,3.367295829986474,6.638585339783701,270.2179294259437,2.8453658487627647,4.210019383157837,0.01020170411138511,1.7039378007836932,6.025942710288973,11.198471254116628,4.875197323201151
101,POINT PLEASANT (NJCL),NJCL,256.0,1,122,POINT PLEASANT,40.092718,-74.048191,4.545454545454546,142.0,111.84913,190,POINT PLEASANT,1301.7532078967602,117730.51782203183,40.2581579475842,60.66725638817802,93.79499141561276,7.386477500715944,4.404835144869563,50.64276866919908,22.666666666666664,1.687293950139355,5.54907608489522,1.7129785913749407,4.962844630259907,7.172235156190253,343.11881006734654,3.7198488616533765,4.121753099416025,0.010661550098863208,2.1266205873512374,7.116373280625397,11.676162038387266,5.25227342804663
102,Belmar (NJCL),NJCL,241.0,0,15,BELMAR,40.18059,-74.027301,4.545454545454546,112.0,95.433862,185,BELMAR,2039.0419225271617,92793.83246232964,34.74565974857685,70.69722102918334,94.5202282089299,5.879838210664994,3.586504178919025,46.45343975315056,30.0,1.5231181171017978,5.488937726156687,1.7129785913749407,4.727387818712341,7.620725636885521,304.6208010992185,3.576428856135542,4.272451988544596,0.010579745933215215,1.9285951357770335,6.815676030530688,11.438146232550672,5.225746673713202
103,Highland Avenue (M&E),M&E,233.0,0,61,HIGHLAND AVENUE,40.766863,-74.243744,6.2727272727272725,41.0,30.094658,31,HIGHLAND AVENUE,4527.040699229853,82809.22875198322,19.22283151436912,65.40528702902432,93.4020596100609,8.064308469173772,24.914326030581144,40.52427490619309,11.96478929549564,3.254795944380125,5.455321115357702,1.984131361875511,3.7376696182833684,8.41804460818844,287.76592701705187,3.006812239118122,4.195776677243661,0.010706402023411955,2.204344555491474,6.3658679617309915,11.324306868395421,3.4657359027997265
104,Avenel (NJCL),NJCL,222.0,1,11,AVENEL,40.57762,-74.27753,6.2727272727272725,51.0,37.175754000000005,33,AVENEL,2117.7039502156176,84637.3148728014,12.963693804225976,67.94044607573093,96.16962712207332,4.393674181546944,9.141782730217953,41.80233202503384,1.989436788648692,2.3166637943685537,5.407171771460119,1.984131361875511,3.9512437185814275,7.658559836481056,290.9249299609805,2.636460661490632,4.233243031559966,0.01039829341056554,1.6852268190271786,6.46547229713606,11.346142337546123,3.5263605246161616
105,Emerson (Pascack),Pascack,219.0,0,42,EMERSON,40.975036,-74.027474,3.409090909090909,45.0,34.118008,101,EMERSON,1334.1099646726886,159631.33888459788,38.12390421465596,66.25956317577823,97.65332597010762,5.26103878963696,17.584697023384248,48.16195602697976,20.620892750810995,2.9223385014040244,5.393627546352362,1.483668525145067,3.828641396489095,7.196768937983423,399.5389078482819,3.666733641174967,4.208559211729306,0.010240306615937559,1.8343461121819247,6.939881557129038,11.980628568062468,4.624972813284271
106,Bradley Beach (NJCL),NJCL,196.0,0,22,BRADLEY BEACH,40.203751,-74.018891,4.545454545454546,108.0,92.858918,73,BRADLEY BEACH,2432.998400937733,70118.38032878333,26.44129864400051,66.45781258766974,95.80259313176116,6.217030161073557,8.269881178128536,47.32731110028562,19.333333333333332,2.226770561602252,5.2832037287379885,1.7129785913749407,4.6913478822291435,7.797290616578372,264.7987543943199,3.312049128414216,4.211502403784189,0.01043813081995244,1.9764435332519117,6.879484799044593,11.15795450169982,4.30406509320417
107,Wesmont (MLBC),MLBC,188.0,0,43599,WESMONT,40.854979,-74.096951,5.045454545454546,31.0,20.599552000000003,216,WESMONT,3114.1352417914104,115883.46572258657,26.059591533229224,71.14150531911211,96.55170969335796,5.09944296797735,12.944410379351329,41.40324641484418,1.326291192432461,2.635078738317591,5.241747015059643,1.7993066748634379,3.4657359027997265,8.044027846584521,340.4166061204808,3.2980415277739175,4.278629541893564,0.010357144406618338,1.808197450284615,6.434535446700421,11.660348988615596,5.37989735354046
108,Bay Head (NJCL),NJCL,179.0,0,13,BAY HEAD,40.077178,-74.046183,4.545454545454546,146.0,107.182044,99,BAY HEAD,1341.112876559143,104828.00841538404,35.39957016330964,60.39839205391884,95.90513760617772,4.292486336596748,3.560991685067674,48.80329391267586,11.284038347027227,1.517540074677622,5.19295685089021,1.7129785913749407,4.990432586778736,7.2020004246943286,323.77153737687325,3.594556965872687,4.117383646763259,0.01042697007647675,1.6662881423696534,6.98593543576491,11.560085810424338,4.605170185988092
110,Park Ridge (Pascack),Pascack,176.0,0,114,PARK RIDGE,41.032305,-74.036164,3.619047619047619,57.0,41.03817,132,PARK RIDGE,1120.021065317301,145357.34344601302,36.57204412220341,66.53420727545713,96.682449309926,4.806621707288657,9.780294041211256,46.33851514208593,35.333333333333336,2.377719841659062,5.176149732573829,1.5301885407799598,4.060443010546419,7.021995214436458,381.2575814931593,3.6262602664689427,4.212634243962896,0.01034313887512709,1.7589989400090487,6.807239906311951,11.886957306788915,4.890349128221754
111,Garfield (MLBC),MLBC,175.0,0,46,GARFIELD,40.866669,-74.10556,4.2727272727272725,34.0,21.243288,0,GARFIELD,5738.605143349663,69133.93922223171,17.07474049844407,66.58891656010266,94.4007460280696,6.354696669523699,15.331968771017609,35.26120172463797,17.961268225045202,2.7931244613208945,5.170483995038151,1.6625477377480486,3.5553480614894135,8.655145696590246,262.9333360801397,2.8945154110092117,4.21344401339513,0.010593136623122182,1.9953391118057653,5.938114323978444,11.143815514705123,0.0
112,Little Falls (M-B),M-B,165.0,0,72,LITTLE FALLS,40.880669,-74.235372,2.1666666666666665,63.0,36.853886,133,LITTLE FALLS,1003.9163864651912,122435.34856538405,24.09534344591238,65.98589646970011,95.0602357174126,7.886638123089678,9.31028492755284,43.52282599939776,12.631455962162304,2.333141933685103,5.111987788356544,1.1526795099383853,4.1588830833596715,6.9126596194849945,349.9076286184456,3.222682308843587,4.204482096780399,0.010519645700992362,2.1845488141218947,6.597183186739456,11.71534657037833,4.897839799950911
113,Manasquan (NJCL),NJCL,164.0,0,79,MANASQUAN,40.120573,-74.047688,4.545454545454546,137.0,103.80243,140,MANASQUAN,1320.585834600972,167963.05840726945,41.379293543428126,64.34663473978875,89.92981917329169,10.782822428757289,4.864054807620145,47.297278813466974,35.333333333333336,1.7688413109970411,5.10594547390058,1.7129785913749407,4.927253685157205,7.1865876843383365,409.8329640320181,3.7466598831266062,4.179705942796125,0.011119782172285193,2.466642744496057,6.877301710225237,12.031505297445419,4.948759890378168
115,Mahwah (MLBC),MLBC,157.0,0,78,MAHWAH,41.094416,-74.14662,6.565217391304348,72.0,47.797398,86,MAHWAH,979.4705397511711,99057.04378896407,34.76164037200832,60.01310236136044,95.95501442406297,4.9215484009003525,7.971273701399163,45.87476861363267,27.333333333333332,2.1940276616869436,5.062595033026967,2.0235610832853794,4.290459441148391,6.888032599036277,314.7332899280978,3.5768758209536955,4.111088633917826,0.010421550202479325,1.7785979689027167,6.773091510797168,11.503461258208132,4.465908118654584
116,Montvale (Pascack),Pascack,152.0,0,90,MONTVALE,41.040879,-74.029152,3.619047619047619,59.0,42.164708,206,MONTVALE,1160.52020146356,156457.58454157904,33.132219555324376,66.02186084289728,94.70001478196129,7.310155926765029,10.855839202401906,44.48188144702447,36.666666666666664,2.4728205059113124,5.030437921392435,1.5301885407799598,4.0943445622221,7.057484944623623,395.54719635155936,3.5302417931898145,4.205018847410091,0.010559660442529125,2.1174783724416244,6.669473850838945,11.960546618423122,5.332718793265369
117,Spring Lake (NJCL),NJCL,147.0,1,141,SPRING LAKE,40.150557,-74.035481,4.545454545454546,116.0,98.813476,188,SPRING LAKE,1032.342914347866,89696.85514572386,36.625923774095234,49.09807590386863,96.15889123622073,5.297209259040427,10.74961128558293,55.332114337263576,13.961268225045204,2.4638201579648955,4.997212273764115,1.7129785913749407,4.762173934797756,6.9405543737116915,299.4943324100205,3.6276932749030624,3.9139826022409214,0.010399454352519866,1.840106560499698,7.438555930909143,11.404202136342096,5.241747015059643
118,Gillette (GLAD),GLAD,146.0,0,48,GILLETTE,40.678251,-74.468317,5.909090909090909,69.0,48.119266,82,GILLETTE,204.1029727697063,131561.77969978724,31.253483154608105,60.990299537682574,90.916379027534,9.083620972466004,9.342711104192125,46.03798822452364,3.326291192432461,2.3362820304762426,4.990432586778736,1.9328380674879606,4.248495242049359,5.323512159218572,362.71446028492886,3.4736260422037333,4.126977913734459,0.010999118208361006,2.310912421596852,6.78512993424029,11.787239428840708,4.418840607796598
119,Bernardsville (GLAD),GLAD,135.0,0,18,BERNARDSVILLE,40.716845,-74.571023,5.863636363636363,85.0,60.511184,143,BERNARDSVILLE,364.314190835068,169213.6169805021,37.43847015753793,65.09814059905376,94.17410370600496,9.697573790964505,5.274143829326112,44.931090216789855,10.624413821261433,1.8364370341671983,4.912654885736052,1.9262373834566084,4.454347296253507,5.900757780117796,411.35582769726517,3.649058785119122,4.191140616341766,0.010618630394634015,2.3700169672485405,6.703065732692009,12.038923111196619,4.969813299576001
120,Mountain Avenue (M-B),M-B,133.0,1,95,MOUNTAIN AVENUE,40.848715,-74.205306,3.6666666666666665,49.0,29.77279,25,MOUNTAIN AVENUE,1550.7545889149314,188058.69382981723,39.61473927984246,62.05562349825161,96.28279832901887,4.884106610304582,23.923246132896093,43.30054133214228,7.315727981081153,3.2158009475906133,4.897839799950911,1.5404450409471488,3.912023005428146,7.347141562540836,433.65734610383026,3.7041310371752214,4.14401724952407,0.01038607121266653,1.7722549212535987,6.5803146833675275,12.14451471178453,3.258096538021482
122,Millington (GLAD),GLAD,131.0,0,88,MILLINGTON,40.673513,-74.523606,5.863636363636363,76.0,52.947286,114,MILLINGTON,427.5188294162695,167656.8845560753,34.69736791486446,62.7821268413643,97.27114837514335,3.227631388151733,9.53118063765606,45.10261350878391,5.319249051531589,2.3543404411956157,4.882801922586371,1.9262373834566084,4.343805421853684,6.0603346797007855,409.45925872554807,3.5750769581926147,4.155473007550926,0.01028054070199031,1.4416418807048605,6.715847936693021,12.029680780648782,4.74493212836325
123,Garwood (RVL),RVL,126.0,0,47,GARWOOD,40.652569,-74.324794,5.5,50.0,33.313338,0,GARWOOD,2003.948880073076,125440.30942891396,39.66163385249327,68.28886738138898,95.51017966458149,4.873146744471507,12.890264522484255,42.29041522921575,30.666666666666664,2.6311882006802545,4.844187086458591,1.8718021769015913,3.9318256327243257,7.60337384319273,354.17553476900963,3.705284990680952,4.238284249444052,0.01047008814674898,1.770390562516585,6.503108120677047,11.739593274216885,0.0
124,Allenhurst (NJCL),NJCL,123.0,0,4,ALLENHURST,40.237659,-74.006769,4.714285714285714,102.0,88.83556800000001,89,ALLENHURST,814.2403658052884,91947.5436870031,35.2565517198017,56.39409536123451,96.03114382304204,4.788024923710807,7.6599631376178845,42.668809947315054,8.631455962162304,2.158710465939174,4.820281565605037,1.742969305058623,4.634728988229636,6.7034829971267875,303.2285337612592,3.59062010206768,4.049941429763042,0.010413288441536364,1.7557911148606584,6.532136706110418,11.428984391810285,4.499809670330265
125,Gladstone (GLAD),GLAD,121.0,0,49,GLADSTONE,40.720284,-74.666371,5.227272727272728,91.0,72.4203,176,GLADSTONE,58.40161123965347,122511.41761293844,32.757615056686284,58.27323100918222,96.74687975531069,3.2531202446893257,3.983086734010332,46.64010594136055,3.978873577297384,1.6060495251301916,4.804021044733257,1.8289384724698092,4.5217885770490405,4.084321351247408,350.0163104955802,3.5192060231768463,4.082157787713342,0.010336250662855175,1.4476528887825533,6.829356187911167,11.715967672098389,5.176149732573829
127,Mountain View (M-B),M-B,118.0,0,98,MOUNTAIN VIEW,40.914402,-74.268158,2.1666666666666665,70.0,41.681906,228,MOUNTAIN VIEW,528.741040295268,95243.49319108207,25.197137548051938,68.02172886073427,91.509866872018,8.49013312798201,6.525106655069519,40.36605042706353,37.333333333333336,2.0182449839656624,4.77912349311153,1.1526795099383853,4.2626798770413155,6.272388283924244,308.61544548366675,3.2656501509072626,4.234421366048324,0.010927783354756264,2.250252640761799,6.353428242064557,11.464202477050783,5.43372200355424
128,Stirling (GLAD),GLAD,117.0,0,143,STIRLING,40.674579,-74.493723,5.863636363636363,72.0,50.372342,39,STIRLING,253.0338608179602,143081.50684415264,29.47629550879332,63.67928892088175,89.3752394014977,10.624760598502284,9.731414457140566,42.99463051925368,11.315727981081153,2.373175370614649,4.770684624465665,1.9262373834566084,4.290459441148391,5.537467568440437,378.2611622201685,3.4169491850066365,4.169441040846398,0.011188781218338674,2.4531373575841444,6.557029092451374,11.871176713796439,3.6888794541139363
129,Elberon (NJCL),NJCL,115.0,0,40,ELBERON,40.265292,-73.99762,4.714285714285714,98.0,85.616888,222,ELBERON,629.3290966652805,97005.82242486562,26.469210339493003,56.111791808952354,95.09288451458048,5.437667777064063,7.878232613950998,38.695941707434656,9.294601558378536,2.1836025072345144,4.7535901911063645,1.742969305058623,4.59511985013459,6.446242058654085,311.457577247473,3.313065753406887,4.045010606881713,0.010516033929401638,1.8621663281067882,6.220606217036621,11.482536589289145,5.407171771460119
130,Far Hills (GLAD),GLAD,113.0,0,45,FAR HILLS,40.68571,-74.633734,5.681818181818182,91.0,67.10947800000001,170,FAR HILLS,38.35930230207849,123200.05748329718,33.90924304564377,58.96668219226956,95.23656349944102,4.7634365005589885,4.139954279794041,48.911820523596894,3.3157279810811526,1.637044184445809,4.736198448394496,1.8993901334204204,4.5217885770490405,3.6727323459618653,350.99865738104637,3.552751637858197,4.093789111192228,0.010500168876902718,1.751533911484398,6.993698629737836,11.72157291351304,5.14166355650266
131,Mount Arlington (M&E),M&E,110.0,1,39472,MOUNT ARLINGTON,40.89659,-74.632731,2.8125,95.0,77.570188,274,MOUNT ARLINGTON,220.21143946916592,95422.16864944604,29.79272713637758,69.30951109975943,99.79506264042104,1.644962302947224,3.0,52.41511552998251,4.652582384864922,1.3862943611198906,4.709530201312334,1.33828514193353,4.564348191467836,5.399118983813538,308.90478897136904,3.427278530160201,4.252907082691793,0.010020535821528304,0.9726568130148332,7.2398284185457396,11.466076685911807,5.616771097666572
132,Woodcliff Lake (Pascack),Pascack,108.0,0,159,WOODCLIFF LAKE,41.021078,-74.040775,3.333333333333333,56.0,39.589764,65,WOODCLIFF LAKE,1081.311102185325,136847.43444554412,32.67420529532777,68.69604420351473,97.38553553734548,3.377313485476774,9.065121749797784,42.6930186055126,2.652582384864922,2.3090761553720753,4.6913478822291435,1.466337068793427,4.04305126783455,6.986853943204069,369.9289586468517,3.516732122770085,4.24414356154346,0.010268465378172298,1.4764351767262875,6.533989486180139,11.826629274473131,4.189654742026425
133,WAYNE/ROUTE 23 TRANSIT CENTER [RR],M-B,106.0,1,39635,WAYNE/ROUTE 23 TRANSIT CENTER [RR],40.900254,-74.256971,2.1666666666666665,67.0,39.750698,996,WAYNE/ROUTE 23 TRANSIT CENTER [RR],451.71678710329047,79037.10779351287,21.0986856652047,64.87911247767292,95.10177277859648,6.960893291594175,8.1564737152372,35.184913294892155,3.978873577297384,2.2144611389823066,4.672828834461906,1.1526795099383853,4.219507705176107,6.115266735935279,281.1353905034243,3.095518134592485,4.187821433416522,0.010515051095083888,2.0745412161218932,5.931687221599952,11.277685392275785,6.904750769961838
134,Teterboro (Pascack),Pascack,104.0,0,146,TETERBORO,40.864858,-74.062676,3.3181818181818183,31.0,21.243288,27,TETERBORO,1000.9524051622922,76331.07646993503,17.716643228414245,67.43385572975895,95.60193032782703,4.869964125593262,8.86495951382066,38.06391766311157,15.284038347027225,2.288989035443923,4.653960350157523,1.462834438242225,3.4657359027997265,6.9097057806786255,276.28079279952675,2.929413140249178,4.225867668982181,0.01046003983989566,1.7698485223380696,6.169596231773322,11.242848528273344,3.332204510175204
135,Lincoln Park (M-B),M-B,101.0,0,69,LINCOLN PARK,40.924138,-74.301826,2.1666666666666665,75.0,44.739652,247,LINCOLN PARK,636.905185345148,102845.16932295189,28.035641441756475,68.27053415925421,91.86077648633206,10.672208231761168,4.329401824012471,49.7382112747433,27.280517276576795,1.6732390037394549,4.624972813284271,1.1526795099383853,4.330733340286331,6.4581896599892055,320.69482272551875,3.368524090598465,4.2380196232687375,0.010886039050070405,2.457210651342463,7.0525322597449565,11.540989649107479,5.5134287461649825
137,White House (RVL),RVL,96.0,0,157,WHITE HOUSE,40.615611,-74.77066,1.5333333333333334,95.0,76.44365,100,WHITE HOUSE,133.72269355909833,136030.0167774462,32.606781104645144,60.15471022157269,95.06781084032308,7.992975669629271,7.253212527358949,53.67375149226029,9.308685840180281,2.110602521806784,4.574710978503383,0.9295359586241757,4.564348191467836,4.903218544052296,368.82247325433707,3.514727865197156,4.113406886502341,0.010518807482372881,2.1964437914499317,7.326237198743997,11.820638203255472,4.61512051684126
138,Hackettstown (M&E),M&E,85.0,1,54,HACKETTSTOWN,40.851444,-74.835352,1.5714285714285714,121.0,100.905618,99,HACKETTSTOWN,507.406156441718,85507.80031984676,23.939160806758487,67.03260580577911,93.9630571978786,6.0369428021213976,1.7747727135870874,43.29641146578627,32.666666666666664,1.0205688388303369,4.454347296253507,0.9444616088408513,4.804021044733257,6.231280648686744,292.41716830556777,3.2164392911997406,4.219987087397897,0.010642480457974892,1.9511738147890074,6.580000871260297,11.356374577345663,4.605170185988092
139,Netcong (M&E),M&E,82.0,1,101,NETCONG,40.897552,-74.707317,1.6875,104.0,85.455954,247,NETCONG,229.3505655306078,148999.28523868718,38.93211377294891,69.82252333095583,87.00002183712715,11.314730284955871,2.7304182592603072,41.878005265659375,21.333333333333336,1.3165203612191423,4.418840607796598,0.9886113934537812,4.653960350157523,5.439602346471631,386.0042554670702,3.687180856637427,4.2601770762517255,0.011494249988489672,2.5107961299892505,6.471321755689433,11.911703499279369,5.5134287461649825
140,Towaco (M-B),M-B,80.0,0,147,TOWACO,40.922809,-74.343842,2.1666666666666665,81.0,48.441134000000005,220,TOWACO,505.570338840078,132098.11863123236,40.93021714844361,63.522348396122936,95.2182416645666,4.781758335433404,7.094517085764241,49.15158977859397,6.652582384864922,2.0911869294840564,4.394449154672439,1.1526795099383853,4.406719247264253,6.227663186386607,363.4530487301384,3.7360067400016868,4.167011650550647,0.010502189312871214,1.754707846704316,7.010819479817889,11.791307818506573,5.3981627015177525
141,Basking Ridge (GLAD),GLAD,79.0,0,12,BASKING RIDGE,40.711378,-74.55527,5.863636363636363,82.0,58.579976,89,BASKING RIDGE,435.8636441138684,139490.9901033314,36.92461455208317,59.53025845261992,96.8755135248776,7.870067815135382,7.624268393212473,45.47761002242096,3.3157279810811526,2.1545801353443013,4.382026634673881,1.9262373834566084,4.418840607796598,6.079621119205589,373.4849262063081,3.635600361757323,4.103143379721342,0.01032252592646335,2.182682441741572,6.743708921833813,11.845762459980934,4.499809670330265
143,Annandale (RVL),RVL,65.0,0,6,ANNANDALE,40.645173,-74.878569,1.6428571428571428,105.0,86.260624,100,ANNANDALE,143.94656918873588,141330.71465561187,25.024908012506856,50.4291331407327,94.56055891600737,5.340281918136346,2.457466918714556,45.97500866526509,0.6631455962162305,1.2405362165325664,4.189654742026425,0.9718605830289658,4.663439094112067,4.976365186158513,375.9397753039865,3.2590540799129166,3.9402048045161093,0.0105752336012337,1.846923234043545,6.78048734717978,11.858864992571993,4.61512051684126
144,Boonton (M-B),M-B,58.0,0,20,BOONTON,40.903378,-74.407736,2.1666666666666665,87.0,55.039428,58,BOONTON,536.8908441226671,135166.2315785062,38.67141131995854,61.88487824576372,96.1361387614718,4.110610358668443,5.28505364470761,46.077624916854376,57.99999999999999,1.8381743773610133,4.07753744390572,1.1526795099383853,4.477336814478207,6.287655647611122,367.64960434972073,3.6806308103985406,4.141305725356093,0.010401915584327244,1.6313188410491777,6.788050155740923,11.814268043233188,4.07753744390572
145,High Bridge (RVL),RVL,50.0,0,60,HIGH BRIDGE,40.666884,-74.895863,1.5333333333333334,110.0,89.31837,40,HIGH BRIDGE,466.11381907130846,115129.83349236252,32.946167969694955,66.07721654417854,92.88808284261772,8.037558923183763,2.318927308276556,41.18522245410518,18.613850609910127,1.199641630803673,3.9318256327243257,0.9295359586241757,4.709530201312334,6.146572951894479,339.30787419740574,3.5247759748710603,4.205844441523102,0.010765643658447786,2.201389107317987,6.417571382860122,11.65382444321731,3.713572066704308
146,North Branch (RVL),RVL,48.0,0,108,NORTH BRANCH,40.59202,-74.683802,1.5333333333333334,88.0,68.557884,40,NORTH BRANCH,359.6079352137139,133772.3657627146,33.419514165899464,71.84707934958627,94.5641302444994,5.378420084489794,3.4895883846959115,44.89326137749465,0.6631455962162305,1.5017610237647625,3.8918202981106265,0.9295359586241757,4.48863636973214,5.88779131611144,365.74904752126776,3.538623675805784,4.288362440548398,0.0105748342147753,1.8529204310300187,6.700243381959692,11.803902346791782,3.713572066704308
147,Lake Hopatcong (M&E),M&E,45.0,1,67,LAKE HOPATCONG,40.904219,-74.665697,2.8125,99.0,81.432604,96,LAKE HOPATCONG,583.2296255553393,76238.793231896,22.69663392610529,66.42601635704678,97.49240540691468,3.5929501956070435,6.5805510242456124,32.42424882390086,3.9894367886486912,2.0255858915036695,3.828641396489095,1.33828514193353,4.605170185988092,6.370294099991622,276.1137324217975,3.165333009619716,4.211030942802385,0.010257209223899964,1.524522561741874,5.6942294319689,11.241638826255885,4.574710978503383
148,Peapack (GLAD),GLAD,36.0,0,117,PEAPACK,40.708794,-74.658469,5.681818181818182,86.0,70.971894,54,PEAPACK,173.9006742927927,120407.55089362856,31.6663093205627,57.3565911679277,97.54219127703472,2.457808722965258,4.537264224638766,38.200677929754896,0.6631455962162305,1.7115005565214496,3.6109179126442243,1.8993901334204204,4.465908118654584,5.164218237321829,346.99791194419106,3.486344250776181,4.066572311529296,0.010251973909011817,1.2406350713776053,6.180669699130903,11.698645830046207,4.007333185232471
149,Mount Tabor (M&E),M&E,30.0,1,94,MOUNT TABOR,40.875904,-74.481915,4.571428571428571,73.0,61.798656,48,MOUNT TABOR,682.6121499670601,150906.31588612733,33.926886107004755,68.92181557101978,94.15128507152671,5.848714928473258,3.634733496370647,46.57832733223555,5.98239464774782,1.5335786992785798,3.4339872044851463,1.717651497074333,4.30406509320417,6.527390724587088,388.4666213281745,3.5532569081803187,4.247377697414904,0.01062120394044861,1.924061032992001,6.824831670615441,11.92442112526482,3.8918202981106265
150,Lebanon (RVL),RVL,21.0,0,68,LEBANON,40.636903,-74.835766,1.5333333333333334,101.0,82.559142,283,LEBANON,102.92250555276172,139156.7328306868,24.40119319395224,58.45319266394921,96.53871932126523,3.4612806787347346,2.526487367563162,54.70765635318326,4.656103455315358,1.2603022955139733,3.091042453358316,0.9295359586241757,4.624972813284271,4.643645482471633,373.0371735238819,3.2347961490609984,4.0851893250413145,0.010358538077060685,1.4954358725113337,7.3964624215352615,11.843363337315738,5.648974238161206
151,Mountain Lakes (M-B),M-B,17.0,0,96,MOUNTAIN LAKES,40.885947,-74.433604,2.1666666666666665,90.0,57.93624,87,MOUNTAIN LAKES,606.9582690295919,165275.19648816492,37.4947321297563,63.039388445311296,94.5724149960444,5.427585003955594,5.904812344148483,46.620019265228336,0.6631455962162305,1.9322186096850777,2.8903717578961645,1.1526795099383853,4.51085950651685,6.41010624314609,406.5405225659121,3.6505214041334235,4.159498338509389,0.01057390783604105,1.8605988851121678,6.827885416820374,12.015373271553369,4.477336814478207
152,Mount Olive (M&E),M&E,16.0,1,93,MOUNT OLIVE,40.907376,-74.730653,1.6875,109.0,88.99650199999999,23,MOUNT OLIVE,148.64023977548055,166017.59768298976,42.94106207179888,71.33904054973786,84.0475454298867,12.8781078318851,2.39265601589316,45.34310181832311,4.642019173513614,1.2216131001420099,2.833213344056216,0.9886113934537812,4.700480365792417,5.008234011827502,407.452571084034,3.7828492376201748,4.281363963369061,0.011898027418709212,2.6303126224345683,6.733728671272931,12.019855095298192,3.1780538303479458
